Payment_ID,Project_ID,Payment_Date,Amount_Cr,Payment_Status,Payment_Year,Payment_Month
PAY20001,P1001,2026-06-11,13.69,Approved,2026.0,6.0
PAY20002,P1001,2026-05-16,12.04,Approved,2026.0,5.0
PAY20003,P1001,,6.97,Paid,,
PAY20004,P1001,2026-05-15,6.81,Partially Paid,2026.0,5.0
PAY20005,P1001,2026-07-16,1.43,On Hold,2026.0,7.0
PAY20006,P1001,2026-09-27,1.38,Approved,2026.0,9.0
PAY20007,P1002,2023-08-22,6.87,Partially Paid,2023.0,8.0
PAY20008,P1002,2023-08-22,8.65,Pending,2023.0,8.0
PAY20009,P1002,2024-07-02,3.86,Partially Paid,2024.0,7.0
PAY20010,P1002,2023-05-20,9.18,Approved,2023.0,5.0
PAY20011,P1002,2023-12-14,7.501971830985916,Paid,2023.0,12.0
PAY20012,P1002,2024-02-21,6.46,Pending,2024.0,2.0
PAY20013,P1002,2024-08-10,7.54,Pending,2024.0,8.0
PAY20014,P1002,2023-07-02,13.18,Paid,2023.0,7.0
PAY20015,P1002,2023-06-18,2.03,Approved,2023.0,6.0
PAY20016,P1002,2024-07-19,10.74,Partially Paid,2024.0,7.0
PAY20017,P1003,2023-12-13,13.07,Partially Paid,2023.0,12.0
PAY20018,P1003,2023-08-30,10.43,Paid,2023.0,8.0
PAY20019,,2023-12-19,7.84,On Hold,2023.0,12.0
PAY20020,P1003,2024-09-06,13.59,Approved,2024.0,9.0
PAY20021,P1004,2026-05-22,10.53,Pending,2026.0,5.0
PAY20022,P1004,2026-01-31,2.01,Approved,2026.0,1.0
PAY20023,P1004,2025-07-25,14.91,Paid,2025.0,7.0
PAY20024,P1004,2025-06-20,11.15,Approved,2025.0,6.0
PAY20025,P1004,2026-07-09,13.68,Partially Paid,2026.0,7.0
PAY20026,P1005,2025-04-18,11.43,Pending,2025.0,4.0
PAY20027,P1005,2026-07-17,2.96,On Hold,2026.0,7.0
PAY20028,P1005,2025-11-29,1.49,Paid,2025.0,11.0
PAY20029,P1005,2026-02-23,9.0,Partially Paid,2026.0,2.0
PAY20030,P1005,2025-07-19,4.98,Pending,2025.0,7.0
PAY20031,P1005,2025-11-28,10.91,Approved,2025.0,11.0
PAY20032,P1005,2026-08-26,1.68,Approved,2026.0,8.0
PAY20033,P1005,2025-11-13,5.28,On Hold,2025.0,11.0
PAY20034,P1005,2025-12-08,13.49,On Hold,2025.0,12.0
PAY20035,P1006,2025-10-29,5.01,Approved,2025.0,10.0
PAY20036,P1006,,14.31,Paid,,
PAY20037,P1006,2025-09-20,6.6,Approved,2025.0,9.0
PAY20038,P1006,2025-11-12,1.72,Approved,2025.0,11.0
PAY20039,P1006,2025-08-28,2.0,Approved,2025.0,8.0
PAY20040,P1006,2026-02-09,6.72,Pending,2026.0,2.0
PAY20041,P1006,2025-10-30,14.1,Approved,2025.0,10.0
PAY20042,P1006,2025-07-29,13.89,Approved,2025.0,7.0
PAY20043,P1006,2025-08-16,1.67,On Hold,2025.0,8.0
PAY20044,P1007,2022-09-30,9.08,Paid,2022.0,9.0
PAY20045,P1007,2024-01-20,13.39,On Hold,2024.0,1.0
PAY20046,P1007,2023-10-30,3.13,Partially Paid,2023.0,10.0
PAY20047,P1007,2023-11-16,12.38,Approved,2023.0,11.0
PAY20048,P1007,2022-12-29,4.41,On Hold,2022.0,12.0
PAY20049,P1008,2026-11-29,7.93,Partially Paid,2026.0,11.0
PAY20050,P1008,2026-06-29,13.79,Paid,2026.0,6.0
PAY20051,P1008,2026-11-29,13.36,Partially Paid,2026.0,11.0
PAY20052,P1008,2026-05-27,1.53,Pending,2026.0,5.0
PAY20053,P1008,2026-06-12,11.04,Paid,2026.0,6.0
PAY20054,P1008,2026-08-28,12.1,Pending,2026.0,8.0
PAY20055,P1008,2025-11-15,5.07,On Hold,2025.0,11.0
PAY20056,P1008,2026-08-09,4.32,On Hold,2026.0,8.0
PAY20057,P1008,2027-07-20,11.71,Approved,2027.0,7.0
PAY20058,P1009,2023-12-04,1.73,On Hold,2023.0,12.0
PAY20059,P1009,2023-08-08,3.06,On Hold,2023.0,8.0
PAY20060,P1009,2022-10-23,14.25,Paid,2022.0,10.0
PAY20061,P1010,2022-12-24,8.9,Pending,2022.0,12.0
PAY20062,P1010,2023-01-23,4.16,Pending,2023.0,1.0
PAY20063,P1010,2023-06-20,12.25,Partially Paid,2023.0,6.0
PAY20064,P1010,2023-03-08,2.19,Paid,2023.0,3.0
PAY20065,P1010,2023-07-06,12.89,Pending,2023.0,7.0
PAY20066,P1010,2022-10-16,6.66,Partially Paid,2022.0,10.0
PAY20067,P1011,2026-04-24,2.88,Partially Paid,2026.0,4.0
PAY20068,P1011,,4.13,Partially Paid,,
PAY20069,P1011,2026-02-02,8.86,Approved,2026.0,2.0
PAY20070,P1011,2025-09-04,8.07,Pending,2025.0,9.0
PAY20071,P1011,2025-02-28,12.65,Approved,2025.0,2.0
PAY20072,P1011,2026-03-12,7.4,Partially Paid,2026.0,3.0
PAY20073,P1012,2022-11-19,7.34,Paid,2022.0,11.0
PAY20074,P1012,2022-06-06,1.91,Approved,2022.0,6.0
PAY20075,P1012,2022-09-16,14.55,Approved,2022.0,9.0
PAY20076,P1012,2022-06-20,10.02,Paid,2022.0,6.0
PAY20077,P1012,2022-05-15,7.1,Approved,2022.0,5.0
PAY20078,P1012,2022-04-13,5.38,Partially Paid,2022.0,4.0
PAY20079,P1012,2022-04-20,11.66,Partially Paid,2022.0,4.0
PAY20080,,2022-10-22,9.12,Pending,2022.0,10.0
PAY20081,P1013,2023-08-21,4.2,Pending,2023.0,8.0
PAY20082,P1013,2023-12-20,1.15,Approved,2023.0,12.0
PAY20083,P1013,2023-07-22,10.21,Partially Paid,2023.0,7.0
PAY20084,P1014,2024-08-26,6.77,Partially Paid,2024.0,8.0
PAY20085,P1014,2023-02-11,13.71,Approved,2023.0,2.0
PAY20086,P1014,2023-09-30,10.99,Approved,2023.0,9.0
PAY20087,P1014,2024-03-02,12.32,Approved,2024.0,3.0
PAY20088,P1014,2023-08-22,6.29,On Hold,2023.0,8.0
PAY20089,,2024-11-02,2.71,Pending,2024.0,11.0
PAY20090,P1014,2024-07-27,9.47,On Hold,2024.0,7.0
PAY20091,P1014,2024-02-05,5.11,On Hold,2024.0,2.0
PAY20092,P1014,2023-11-24,0.54,Paid,2023.0,11.0
PAY20093,P1015,2023-03-28,11.76,Approved,2023.0,3.0
PAY20094,P1015,2024-05-22,5.45,On Hold,2024.0,5.0
PAY20095,P1015,2023-03-14,9.91,On Hold,2023.0,3.0
PAY20096,P1015,2023-05-28,5.59,Pending,2023.0,5.0
PAY20097,P1015,2023-05-01,12.61,Partially Paid,2023.0,5.0
PAY20098,P1015,2024-04-25,10.84,Approved,2024.0,4.0
PAY20099,P1015,2024-03-26,2.63,Approved,2024.0,3.0
PAY20100,P1015,2023-07-29,6.35,On Hold,2023.0,7.0
PAY20101,P1015,2024-02-20,3.92,Paid,2024.0,2.0
PAY20102,P1016,2023-01-26,11.39,On Hold,2023.0,1.0
PAY20103,P1016,2023-04-20,7.65,Partially Paid,2023.0,4.0
PAY20104,P1016,,2.56,Approved,,
PAY20105,P1017,2026-08-19,9.57,Pending,2026.0,8.0
PAY20106,P1017,2026-01-30,4.27,Paid,2026.0,1.0
PAY20107,P1017,2027-01-17,9.92,Pending,2027.0,1.0
PAY20108,P1018,2025-08-05,1.38,On Hold,2025.0,8.0
PAY20109,P1018,2026-07-10,0.55,On Hold,2026.0,7.0
PAY20110,P1018,2027-01-20,13.8,Paid,2027.0,1.0
PAY20111,P1018,2027-01-03,11.94,Pending,2027.0,1.0
PAY20112,P1018,2027-01-21,12.92,Approved,2027.0,1.0
PAY20113,P1018,2026-07-20,7.81,Paid,2026.0,7.0
PAY20114,P1018,2026-03-16,4.29,Pending,2026.0,3.0
PAY20115,P1019,2025-08-24,14.55,On Hold,2025.0,8.0
PAY20116,P1019,2025-12-08,5.8,Partially Paid,2025.0,12.0
PAY20117,P1019,2025-05-28,3.53,Partially Paid,2025.0,5.0
PAY20118,P1019,2026-01-23,4.36,Approved,2026.0,1.0
PAY20119,P1020,2024-11-01,0.5,Partially Paid,2024.0,11.0
PAY20120,P1020,2024-11-07,14.28,On Hold,2024.0,11.0
PAY20121,P1020,2024-06-14,6.92,On Hold,2024.0,6.0
PAY20122,P1020,2024-05-02,6.11,,2024.0,5.0
PAY20123,P1020,2024-12-04,5.7,On Hold,2024.0,12.0
PAY20124,P1020,2024-06-14,9.73,Approved,2024.0,6.0
PAY20125,P1021,2025-01-16,14.64,Paid,2025.0,1.0
PAY20126,P1021,2024-11-06,2.75,Partially Paid,2024.0,11.0
PAY20127,P1021,2024-12-09,3.94,Pending,2024.0,12.0
PAY20128,P1021,2024-05-28,9.34,Partially Paid,2024.0,5.0
PAY20129,P1021,2024-09-28,10.91,On Hold,2024.0,9.0
PAY20130,P1022,2025-02-02,11.57,Approved,2025.0,2.0
PAY20131,P1022,2025-05-03,4.84,Approved,2025.0,5.0
PAY20132,P1022,2025-08-19,2.47,Approved,2025.0,8.0
PAY20133,P1022,2025-07-13,8.59,Partially Paid,2025.0,7.0
PAY20134,P1022,2025-01-19,4.21,Pending,2025.0,1.0
PAY20135,P1022,2025-07-30,8.55,Partially Paid,2025.0,7.0
PAY20136,P1023,2025-11-29,14.4,Pending,2025.0,11.0
PAY20137,P1023,2025-12-03,7.06,Partially Paid,2025.0,12.0
PAY20138,P1023,2026-03-12,8.43,Paid,2026.0,3.0
PAY20139,P1023,2025-08-14,6.53,Paid,2025.0,8.0
PAY20140,P1023,,2.13,Paid,,
PAY20141,P1023,2025-09-12,7.92,Paid,2025.0,9.0
PAY20142,P1023,2025-09-15,3.16,,2025.0,9.0
PAY20143,P1023,2025-07-11,13.31,Partially Paid,2025.0,7.0
PAY20144,P1023,2025-09-17,9.49,On Hold,2025.0,9.0
PAY20145,P1023,2026-02-26,2.31,On Hold,2026.0,2.0
PAY20146,P1024,2023-03-22,0.39,Paid,2023.0,3.0
PAY20147,P1024,2023-04-28,14.94,Approved,2023.0,4.0
PAY20148,P1024,2023-07-27,5.01,Approved,2023.0,7.0
PAY20149,P1024,2022-07-26,2.34,On Hold,2022.0,7.0
PAY20150,P1024,2022-09-04,12.09,Approved,2022.0,9.0
PAY20151,P1024,2023-07-23,9.17,Partially Paid,2023.0,7.0
PAY20152,P1024,2023-05-26,3.36,Approved,2023.0,5.0
PAY20153,P1024,2022-06-25,2.67,Partially Paid,2022.0,6.0
PAY20154,P1024,2022-02-17,4.94,Pending,2022.0,2.0
PAY20155,P1025,2025-06-21,1.24,Paid,2025.0,6.0
PAY20156,P1025,2025-01-10,10.6,Pending,2025.0,1.0
PAY20157,P1025,2026-02-05,1.63,Partially Paid,2026.0,2.0
PAY20158,P1025,2025-01-29,1.65,On Hold,2025.0,1.0
PAY20159,P1025,2025-06-19,9.02,Paid,2025.0,6.0
PAY20160,P1026,2026-08-09,13.28,Approved,2026.0,8.0
PAY20161,P1026,2025-11-03,13.94,Approved,2025.0,11.0
PAY20162,P1026,2026-03-21,12.36,Partially Paid,2026.0,3.0
PAY20163,P1026,2026-08-22,11.01,Approved,2026.0,8.0
PAY20164,P1026,2026-05-21,14.03,On Hold,2026.0,5.0
PAY20165,P1026,2026-07-31,9.71,Pending,2026.0,7.0
PAY20166,P1026,2025-12-05,8.99,Paid,2025.0,12.0
PAY20167,P1026,2026-02-14,4.38,Approved,2026.0,2.0
PAY20168,P1027,2023-06-11,12.0,On Hold,2023.0,6.0
PAY20169,P1027,2024-02-29,5.12,On Hold,2024.0,2.0
PAY20170,P1027,,14.51,On Hold,,
PAY20171,P1027,2024-05-31,3.34,Paid,2024.0,5.0
PAY20172,P1028,2024-08-25,1.6,On Hold,2024.0,8.0
PAY20173,P1028,2024-06-15,2.36,Partially Paid,2024.0,6.0
PAY20174,P1028,2024-01-17,5.02,Paid,2024.0,1.0
PAY20175,P1028,2024-06-05,7.8,Partially Paid,2024.0,6.0
PAY20176,P1028,2025-03-27,10.06,Approved,2025.0,3.0
PAY20177,P1028,2024-11-21,7.63,Paid,2024.0,11.0
PAY20178,P1029,2026-07-05,6.05,Partially Paid,2026.0,7.0
PAY20179,P1029,2026-04-08,5.49,On Hold,2026.0,4.0
PAY20180,P1029,2025-10-29,8.08,On Hold,2025.0,10.0
PAY20181,P1029,2025-07-16,14.34,Approved,2025.0,7.0
PAY20182,P1029,2025-05-04,12.64,On Hold,2025.0,5.0
PAY20183,P1029,2026-03-06,7.48,Approved,2026.0,3.0
PAY20184,P1030,2026-12-28,13.52,Approved,2026.0,12.0
PAY20185,P1030,2025-12-04,0.62,Approved,2025.0,12.0
PAY20186,P1030,2026-09-25,11.62,Approved,2026.0,9.0
PAY20187,P1030,2026-08-13,3.4,On Hold,2026.0,8.0
PAY20188,P1031,2023-03-01,5.77,Paid,2023.0,3.0
PAY20189,P1031,2022-08-22,6.77,On Hold,2022.0,8.0
PAY20190,P1031,2022-08-21,0.33,Approved,2022.0,8.0
PAY20191,P1031,2023-01-05,1.64,Approved,2023.0,1.0
PAY20192,P1031,2022-10-20,7.67,Paid,2022.0,10.0
PAY20193,P1031,2023-10-17,4.28,Approved,2023.0,10.0
PAY20194,P1032,2026-01-15,0.9,Approved,2026.0,1.0
PAY20195,P1032,2025-09-10,9.47,On Hold,2025.0,9.0
PAY20196,P1032,2025-01-04,12.98,Partially Paid,2025.0,1.0
PAY20197,P1032,2026-03-14,7.48,Partially Paid,2026.0,3.0
PAY20198,P1032,2025-03-20,0.81,Paid,2025.0,3.0
PAY20199,P1032,2025-05-09,10.66,Pending,2025.0,5.0
PAY20200,P1032,2025-04-17,1.47,Paid,2025.0,4.0
PAY20201,P1032,2025-01-30,6.79,Paid,2025.0,1.0
PAY20202,P1032,2025-10-21,1.69,On Hold,2025.0,10.0
PAY20203,P1032,2025-09-14,14.76,Pending,2025.0,9.0
PAY20204,P1033,2024-09-13,12.6,Approved,2024.0,9.0
PAY20205,P1033,2024-03-30,13.61,On Hold,2024.0,3.0
PAY20206,P1033,,7.87,Partially Paid,,
PAY20207,P1034,2026-10-26,10.13,Paid,2026.0,10.0
PAY20208,P1034,2025-06-27,12.42,On Hold,2025.0,6.0
PAY20209,P1034,2025-05-12,11.0,Paid,2025.0,5.0
PAY20210,P1034,2025-06-06,6.79,Approved,2025.0,6.0
PAY20211,P1034,2026-08-27,3.18,On Hold,2026.0,8.0
PAY20212,P1034,2026-02-04,2.8,Paid,2026.0,2.0
PAY20213,P1034,2025-10-26,4.29,Approved,2025.0,10.0
PAY20214,P1034,2025-04-11,5.29,On Hold,2025.0,4.0
PAY20215,P1034,2025-03-10,8.6,Partially Paid,2025.0,3.0
PAY20216,P1035,2023-07-04,13.79,Pending,2023.0,7.0
PAY20217,P1035,2024-05-13,1.52,Approved,2024.0,5.0
PAY20218,P1035,2024-03-03,9.49,Paid,2024.0,3.0
PAY20219,P1035,2024-06-01,2.75,Paid,2024.0,6.0
PAY20220,P1036,2026-01-09,5.77,Paid,2026.0,1.0
PAY20221,P1036,2024-12-04,4.79,Pending,2024.0,12.0
PAY20222,P1036,2024-08-09,4.83,Partially Paid,2024.0,8.0
PAY20223,P1036,2025-01-14,2.88,Pending,2025.0,1.0
PAY20224,P1036,2025-10-26,4.9,Pending,2025.0,10.0
PAY20225,P1036,2024-10-05,4.27,Pending,2024.0,10.0
PAY20226,P1037,2025-10-24,4.08,Partially Paid,2025.0,10.0
PAY20227,P1037,2025-09-22,1.61,Approved,2025.0,9.0
PAY20228,P1037,2026-08-10,5.61,On Hold,2026.0,8.0
PAY20229,P1037,2026-03-31,12.49,Pending,2026.0,3.0
PAY20230,P1037,2025-02-01,14.26,On Hold,2025.0,2.0
PAY20231,P1038,2025-05-07,8.18,Pending,2025.0,5.0
PAY20232,P1038,2026-02-16,5.37,Approved,2026.0,2.0
PAY20233,P1038,2025-06-29,5.3,On Hold,2025.0,6.0
PAY20234,P1038,,12.49,Approved,,
PAY20235,P1038,2025-03-01,7.82,Pending,2025.0,3.0
PAY20236,P1038,2025-08-20,3.47,Approved,2025.0,8.0
PAY20237,P1038,2024-12-31,13.85,On Hold,2024.0,12.0
PAY20238,P1038,2026-09-06,3.0,Pending,2026.0,9.0
PAY20239,P1038,2026-03-22,8.91,Approved,2026.0,3.0
PAY20240,P1039,2026-07-09,8.93,Paid,2026.0,7.0
PAY20241,P1039,2026-01-18,10.59,Approved,2026.0,1.0
PAY20242,P1039,2026-10-25,13.54,Pending,2026.0,10.0
PAY20243,P1039,2026-03-09,7.26,Approved,2026.0,3.0
PAY20244,P1039,2026-07-03,13.57,Pending,2026.0,7.0
PAY20245,P1039,2026-02-05,4.77,Partially Paid,2026.0,2.0
PAY20246,P1039,2026-05-12,3.0,Paid,2026.0,5.0
PAY20247,,2026-03-18,12.19,Partially Paid,2026.0,3.0
PAY20248,P1039,2026-06-05,8.75,Partially Paid,2026.0,6.0
PAY20249,P1040,2026-08-21,12.55,Approved,2026.0,8.0
PAY20250,P1040,2026-07-01,9.11,Partially Paid,2026.0,7.0
PAY20251,P1040,2026-12-04,6.17,Paid,2026.0,12.0
PAY20252,P1040,2026-04-20,11.51,On Hold,2026.0,4.0
PAY20253,P1040,2026-02-15,6.46,Approved,2026.0,2.0
PAY20254,P1040,2026-10-13,6.16,Paid,2026.0,10.0
PAY20255,P1040,2026-03-15,7.81,Approved,2026.0,3.0
PAY20256,P1040,2026-10-23,14.49,On Hold,2026.0,10.0
PAY20257,P1040,2026-04-02,14.28,On Hold,2026.0,4.0
PAY20258,P1041,2024-11-05,10.04,Paid,2024.0,11.0
PAY20259,P1041,2024-10-26,4.81,Pending,2024.0,10.0
PAY20260,P1041,2025-04-26,5.36,Partially Paid,2025.0,4.0
PAY20261,P1041,2024-11-14,7.04,Pending,2024.0,11.0
PAY20262,P1041,2024-11-23,13.27,Approved,2024.0,11.0
PAY20263,P1042,2023-11-02,2.97,Pending,2023.0,11.0
PAY20264,P1042,2024-11-01,1.58,Pending,2024.0,11.0
PAY20265,P1042,2024-01-16,10.35,Approved,2024.0,1.0
PAY20266,P1042,2023-08-17,7.29,Approved,2023.0,8.0
PAY20267,P1042,2023-11-22,7.19,Partially Paid,2023.0,11.0
PAY20268,P1042,2024-03-16,13.71,Partially Paid,2024.0,3.0
PAY20269,P1042,2024-11-28,10.67,Paid,2024.0,11.0
PAY20270,P1043,2025-08-09,4.95,Pending,2025.0,8.0
PAY20271,P1043,2026-05-14,11.66,Approved,2026.0,5.0
PAY20272,P1043,2027-07-18,10.2,Partially Paid,2027.0,7.0
PAY20273,P1043,2026-12-02,6.06,Paid,2026.0,12.0
PAY20274,P1043,2026-03-21,7.45,On Hold,2026.0,3.0
PAY20275,P1043,2025-04-27,3.52,On Hold,2025.0,4.0
PAY20276,P1043,2025-09-29,11.58,Approved,2025.0,9.0
PAY20277,P1043,2026-04-05,5.26,Paid,2026.0,4.0
PAY20278,P1043,2026-12-16,9.09,Partially Paid,2026.0,12.0
PAY20279,P1044,2024-04-14,2.29,Pending,2024.0,4.0
PAY20280,P1044,2023-10-07,3.37,Partially Paid,2023.0,10.0
PAY20281,P1044,2023-11-26,5.26,Pending,2023.0,11.0
PAY20282,P1044,2024-10-31,2.47,Approved,2024.0,10.0
PAY20283,P1045,,12.36,Paid,,
PAY20284,P1045,2022-08-15,14.39,Partially Paid,2022.0,8.0
PAY20285,P1045,2022-07-04,2.66,On Hold,2022.0,7.0
PAY20286,P1045,2023-06-05,1.82,Paid,2023.0,6.0
PAY20287,P1045,,10.37,Paid,,
PAY20288,P1045,2023-03-05,12.97,Paid,2023.0,3.0
PAY20289,P1045,2022-06-25,4.96,On Hold,2022.0,6.0
PAY20290,,2022-12-19,5.91,Partially Paid,2022.0,12.0
PAY20291,P1045,2022-04-09,7.42,Partially Paid,2022.0,4.0
PAY20292,P1046,2024-03-23,4.72,,2024.0,3.0
PAY20293,P1046,2025-03-10,9.6,On Hold,2025.0,3.0
PAY20294,P1046,2024-10-12,7.66,Partially Paid,2024.0,10.0
PAY20295,P1046,2025-02-23,5.19,On Hold,2025.0,2.0
PAY20296,P1046,2024-08-29,1.9,Pending,2024.0,8.0
PAY20297,P1046,2024-09-29,8.09,Partially Paid,2024.0,9.0
PAY20298,P1046,2025-02-04,1.43,Paid,2025.0,2.0
PAY20299,P1046,2024-08-15,14.24,On Hold,2024.0,8.0
PAY20300,P1046,2024-07-06,3.16,On Hold,2024.0,7.0
PAY20301,p1047,2023-10-21,0.97,Approved,2023.0,10.0
PAY20302,P1047,2023-04-02,2.04,Partially Paid,2023.0,4.0
PAY20303,P1047,2023-11-03,5.66,On Hold,2023.0,11.0
PAY20304,P1047,2023-09-18,3.97,Approved,2023.0,9.0
PAY20305,P1047,2023-08-11,11.56,Paid,2023.0,8.0
PAY20306,P1047,2023-12-15,4.19,Approved,2023.0,12.0
PAY20307,P1047,2023-09-11,6.4,Partially Paid,2023.0,9.0
PAY20308,P1047,2023-08-26,4.64,Paid,2023.0,8.0
PAY20309,P1047,2023-05-09,5.52,Paid,2023.0,5.0
PAY20310,P1047,2023-12-10,11.15,Pending,2023.0,12.0
PAY20311,P1048,2024-09-20,8.14,Pending,2024.0,9.0
PAY20312,P1048,2026-07-10,2.38,Partially Paid,2026.0,7.0
PAY20313,P1048,2025-09-10,13.42,,2025.0,9.0
PAY20314,P1048,2025-10-08,10.41,Pending,2025.0,10.0
PAY20315,P1048,2026-10-19,13.58,On Hold,2026.0,10.0
PAY20316,P1049,2024-07-30,1.38,Approved,2024.0,7.0
PAY20317,P1049,2024-07-29,2.41,Paid,2024.0,7.0
PAY20318,P1049,2025-01-21,7.81,Paid,2025.0,1.0
PAY20319,P1049,2024-12-29,13.93,Approved,2024.0,12.0
PAY20320,P1049,2025-02-11,6.16,Pending,2025.0,2.0
PAY20321,P1049,2025-07-27,4.04,Paid,2025.0,7.0
PAY20322,P1049,2025-02-16,14.49,Pending,2025.0,2.0
PAY20323,P1049,2025-04-28,4.1,Approved,2025.0,4.0
PAY20324,P1049,2025-05-21,7.83,Pending,2025.0,5.0
PAY20325,P1049,2025-06-30,12.03,Approved,2025.0,6.0
PAY20326,P1050,2022-11-14,11.47,Partially Paid,2022.0,11.0
PAY20327,P1050,2022-12-14,11.27,Pending,2022.0,12.0
PAY20328,P1050,2022-12-15,7.65,Paid,2022.0,12.0
PAY20329,P1050,2023-06-01,6.13,Pending,2023.0,6.0
PAY20330,P1050,2023-07-09,4.45,Paid,2023.0,7.0
PAY20331,P1050,2023-02-20,3.31,Partially Paid,2023.0,2.0
PAY20332,P1050,2023-06-28,2.16,Approved,2023.0,6.0
PAY20333,P1050,2023-03-20,9.09,Approved,2023.0,3.0
PAY20334,P1050,2022-09-14,3.51,Paid,2022.0,9.0
PAY20335,P1050,2023-07-25,5.04,Paid,2023.0,7.0
PAY20336,P1051,2025-02-02,10.75,Partially Paid,2025.0,2.0
PAY20337,P1051,2024-11-23,6.46,On Hold,2024.0,11.0
PAY20338,P1051,2024-07-13,8.24,Partially Paid,2024.0,7.0
PAY20339,P1051,2024-11-07,0.44,Approved,2024.0,11.0
PAY20340,P1051,2024-07-08,5.36,Partially Paid,2024.0,7.0
PAY20341,P1051,2024-04-13,7.06,Partially Paid,2024.0,4.0
PAY20342,P1051,2024-05-13,8.1,Pending,2024.0,5.0
PAY20343,P1052,2026-06-02,6.19,On Hold,2026.0,6.0
PAY20344,P1052,2025-12-03,9.56,On Hold,2025.0,12.0
PAY20345,P1052,2026-09-02,1.48,On Hold,2026.0,9.0
PAY20346,P1052,2026-09-27,4.73,Approved,2026.0,9.0
PAY20347,P1052,2026-12-20,10.2,Paid,2026.0,12.0
PAY20348,P1052,2026-02-20,9.47,Pending,2026.0,2.0
PAY20349,P1052,2027-06-15,5.44,Partially Paid,2027.0,6.0
PAY20350,P1052,2026-11-13,14.94,Paid,2026.0,11.0
PAY20351,,,8.46,Partially Paid,,
PAY20352,P1053,2026-03-22,13.84,Pending,2026.0,3.0
PAY20353,P1053,2026-03-25,9.21,Paid,2026.0,3.0
PAY20354,P1053,2025-06-10,6.09,Pending,2025.0,6.0
PAY20355,P1053,2025-06-24,8.67,Pending,2025.0,6.0
PAY20356,P1053,2025-08-12,11.56,Partially Paid,2025.0,8.0
PAY20357,P1053,2026-04-25,5.44,Pending,2026.0,4.0
PAY20358,P1054,2026-01-22,9.09,Approved,2026.0,1.0
PAY20359,P1054,2025-11-16,5.61,Paid,2025.0,11.0
PAY20360,P1054,2025-09-23,13.3,Approved,2025.0,9.0
PAY20361,P1054,2025-07-02,8.15,Partially Paid,2025.0,7.0
PAY20362,P1054,2025-02-10,12.92,Partially Paid,2025.0,2.0
PAY20363,P1054,2025-11-09,7.09,Partially Paid,2025.0,11.0
PAY20364,P1054,2025-01-06,13.88,Pending,2025.0,1.0
PAY20365,P1054,2025-05-10,4.5,On Hold,2025.0,5.0
PAY20366,P1054,2025-12-16,5.18,Partially Paid,2025.0,12.0
PAY20367,P1055,2025-03-19,5.9,Partially Paid,2025.0,3.0
PAY20368,P1055,2025-08-30,6.3,Paid,2025.0,8.0
PAY20369,P1055,2025-12-10,3.56,On Hold,2025.0,12.0
PAY20370,P1055,2025-12-11,7.67,Paid,2025.0,12.0
PAY20371,P1055,2025-11-30,8.67,Partially Paid,2025.0,11.0
PAY20372,P1056,2025-08-16,9.24,Pending,2025.0,8.0
PAY20373,P1056,2026-04-23,9.48,Paid,2026.0,4.0
PAY20374,P1056,2025-10-02,0.59,On Hold,2025.0,10.0
PAY20375,P1057,2026-08-24,12.99,Pending,2026.0,8.0
PAY20376,P1057,2026-07-28,5.69,Pending,2026.0,7.0
PAY20377,P1057,2026-03-05,7.21,Pending,2026.0,3.0
PAY20378,P1057,2026-05-20,2.21,Paid,2026.0,5.0
PAY20379,P1057,2025-12-21,3.3,Partially Paid,2025.0,12.0
PAY20380,P1057,2026-07-29,3.86,,2026.0,7.0
PAY20381,P1057,2026-07-21,14.85,Pending,2026.0,7.0
PAY20382,P1057,2026-07-30,7.63,Paid,2026.0,7.0
PAY20383,P1057,2026-05-24,13.11,Pending,2026.0,5.0
PAY20384,,2025-11-26,10.9,Paid,2025.0,11.0
PAY20385,P1058,2024-08-17,11.29,Partially Paid,2024.0,8.0
PAY20386,P1058,2026-01-24,14.93,Partially Paid,2026.0,1.0
PAY20387,P1058,2024-10-21,11.8,Approved,2024.0,10.0
PAY20388,P1058,2026-02-11,2.03,On Hold,2026.0,2.0
PAY20389,P1058,2026-06-03,14.84,Paid,2026.0,6.0
PAY20390,P1059,2024-11-29,12.46,Paid,2024.0,11.0
PAY20391,P1059,2024-05-20,12.22,Paid,2024.0,5.0
PAY20392,P1059,2024-08-01,6.14,On Hold,2024.0,8.0
PAY20393,P1059,2025-04-30,9.83,Partially Paid,2025.0,4.0
PAY20394,P1059,2025-10-09,2.08,Pending,2025.0,10.0
PAY20395,P1059,2025-12-09,4.12,On Hold,2025.0,12.0
PAY20396,P1059,2025-09-04,11.93,Pending,2025.0,9.0
PAY20397,P1059,2024-08-04,6.34,Approved,2024.0,8.0
PAY20398,P1059,2023-12-18,13.72,Partially Paid,2023.0,12.0
PAY20399,P1059,2024-02-26,4.15,Approved,2024.0,2.0
PAY20400,P1060,2024-05-04,13.51,Partially Paid,2024.0,5.0
PAY20401,P1060,2024-10-02,3.86,Approved,2024.0,10.0
PAY20402,P1060,2024-03-06,4.61,Partially Paid,2024.0,3.0
PAY20403,P1060,2024-02-29,11.86,Approved,2024.0,2.0
PAY20404,P1061,2025-12-20,0.78,Pending,2025.0,12.0
PAY20405,,2025-05-05,7.95,Paid,2025.0,5.0
PAY20406,P1061,2025-06-12,13.23,On Hold,2025.0,6.0
PAY20407,P1061,2025-08-23,10.78,Approved,2025.0,8.0
PAY20408,P1061,2026-02-20,2.58,Approved,2026.0,2.0
PAY20409,P1061,2025-10-20,10.77,Approved,2025.0,10.0
PAY20410,P1061,2025-05-09,11.22,Pending,2025.0,5.0
PAY20411,P1062,2026-05-31,4.56,Partially Paid,2026.0,5.0
PAY20412,P1062,2025-06-06,9.64,Paid,2025.0,6.0
PAY20413,P1062,2027-02-04,3.37,Approved,2027.0,2.0
PAY20414,P1062,2025-02-14,8.87,Approved,2025.0,2.0
PAY20415,P1062,2025-09-23,10.89,On Hold,2025.0,9.0
PAY20416,P1063,2026-02-19,9.37,Pending,2026.0,2.0
PAY20417,P1063,2025-12-13,9.75,On Hold,2025.0,12.0
PAY20418,P1063,2026-08-30,7.64,On Hold,2026.0,8.0
PAY20419,P1063,2025-12-28,5.83,Partially Paid,2025.0,12.0
PAY20420,P1063,2026-05-17,2.74,On Hold,2026.0,5.0
PAY20421,P1063,,2.84,Partially Paid,,
PAY20422,P1063,2025-06-27,10.11,Paid,2025.0,6.0
PAY20423,P1063,2025-12-12,3.57,Pending,2025.0,12.0
PAY20424,P1063,2025-10-12,2.46,On Hold,2025.0,10.0
PAY20425,P1064,2024-11-19,3.15,Partially Paid,2024.0,11.0
PAY20426,P1064,2024-05-08,8.65,Paid,2024.0,5.0
PAY20427,P1064,2024-07-13,13.5,Pending,2024.0,7.0
PAY20428,P1064,2024-01-31,10.05,Partially Paid,2024.0,1.0
PAY20429,P1065,2024-11-15,7.73,Approved,2024.0,11.0
PAY20430,P1065,2024-03-04,14.56,Paid,2024.0,3.0
PAY20431,P1065,2025-03-15,8.61,Pending,2025.0,3.0
PAY20432,P1065,2024-08-20,4.03,Pending,2024.0,8.0
PAY20433,P1066,2024-03-01,10.42,Partially Paid,2024.0,3.0
PAY20434,P1066,2024-02-04,0.84,On Hold,2024.0,2.0
PAY20435,P1066,2024-03-21,8.39,Paid,2024.0,3.0
PAY20436,P1066,2024-11-20,3.05,Paid,2024.0,11.0
PAY20437,P1066,,13.57,On Hold,,
PAY20438,P1066,2024-04-09,1.15,Pending,2024.0,4.0
PAY20439,P1067,2025-10-01,11.48,Partially Paid,2025.0,10.0
PAY20440,P1067,2025-05-30,1.7,Paid,2025.0,5.0
PAY20441,P1067,2025-01-01,11.9,Paid,2025.0,1.0
PAY20442,P1067,2024-08-29,7.3,Partially Paid,2024.0,8.0
PAY20443,P1067,2024-05-05,7.27,Paid,2024.0,5.0
PAY20444,P1067,2025-08-18,8.94,On Hold,2025.0,8.0
PAY20445,P1068,,8.65,On Hold,,
PAY20446,P1068,2026-10-27,12.95,Paid,2026.0,10.0
PAY20447,P1068,2027-08-20,13.33,Pending,2027.0,8.0
PAY20448,P1068,2027-04-08,12.14,On Hold,2027.0,4.0
PAY20449,P1068,2027-09-25,6.98,Paid,2027.0,9.0
PAY20450,P1068,2026-04-27,11.38,On Hold,2026.0,4.0
PAY20451,P1068,2026-05-17,7.52,Pending,2026.0,5.0
PAY20452,P1068,2026-07-15,7.73,On Hold,2026.0,7.0
PAY20453,P1068,2026-05-30,14.28,Approved,2026.0,5.0
PAY20454,P1068,2026-05-10,13.04,Pending,2026.0,5.0
PAY20455,P1069,2026-02-05,10.25,On Hold,2026.0,2.0
PAY20456,P1069,2026-02-23,9.48,Paid,2026.0,2.0
PAY20457,P1069,2025-12-20,7.44,Approved,2025.0,12.0
PAY20458,P1069,2026-06-05,7.19,Pending,2026.0,6.0
PAY20459,P1069,2025-12-18,1.22,Partially Paid,2025.0,12.0
PAY20460,P1069,2026-08-28,4.74,Partially Paid,2026.0,8.0
PAY20461,,2026-03-12,9.66,On Hold,2026.0,3.0
PAY20462,P1069,2025-12-20,3.11,Paid,2025.0,12.0
PAY20463,P1070,2026-01-15,4.78,Approved,2026.0,1.0
PAY20464,P1070,2026-05-04,11.55,Partially Paid,2026.0,5.0
PAY20465,P1070,2025-09-24,10.35,On Hold,2025.0,9.0
PAY20466,P1070,2026-01-12,8.67,Pending,2026.0,1.0
PAY20467,P1070,2026-05-08,2.56,Partially Paid,2026.0,5.0
PAY20468,,2025-12-03,12.82,On Hold,2025.0,12.0
PAY20469,P1071,2024-09-01,14.36,Partially Paid,2024.0,9.0
PAY20470,P1071,2025-08-03,9.03,Partially Paid,2025.0,8.0
PAY20471,P1071,2025-12-10,10.97,Pending,2025.0,12.0
PAY20472,P1071,2024-06-29,7.21,Approved,2024.0,6.0
PAY20473,P1071,2024-10-17,2.39,Approved,2024.0,10.0
PAY20474,P1072,2027-02-26,11.24,Partially Paid,2027.0,2.0
PAY20475,P1072,2026-06-04,6.52,Partially Paid,2026.0,6.0
PAY20476,P1072,2027-01-23,6.4,Partially Paid,2027.0,1.0
PAY20477,P1072,2026-01-26,14.54,Approved,2026.0,1.0
PAY20478,P1072,2026-11-24,12.13,Partially Paid,2026.0,11.0
PAY20479,P1072,2027-01-25,4.29,Pending,2027.0,1.0
PAY20480,P1072,2026-04-14,10.02,Approved,2026.0,4.0
PAY20481,P1072,2026-05-28,12.53,Paid,2026.0,5.0
PAY20482,P1073,2024-02-18,11.92,Approved,2024.0,2.0
PAY20483,P1073,2024-07-01,8.51,Pending,2024.0,7.0
PAY20484,P1073,2023-07-16,9.36,Partially Paid,2023.0,7.0
PAY20485,P1073,2023-09-14,1.83,Pending,2023.0,9.0
PAY20486,P1073,2023-05-21,5.05,Partially Paid,2023.0,5.0
PAY20487,P1073,2024-08-06,7.18,Paid,2024.0,8.0
PAY20488,P1073,2024-10-13,6.0,Partially Paid,2024.0,10.0
PAY20489,P1073,2023-08-20,4.38,On Hold,2023.0,8.0
PAY20490,P1074,2023-01-21,1.75,Approved,2023.0,1.0
PAY20491,P1074,2023-08-31,8.18,Partially Paid,2023.0,8.0
PAY20492,P1074,2023-09-09,1.89,Pending,2023.0,9.0
PAY20493,P1074,2023-02-05,5.04,Partially Paid,2023.0,2.0
PAY20494,P1074,2023-04-26,13.14,On Hold,2023.0,4.0
PAY20495,P1074,2023-09-24,8.72,On Hold,2023.0,9.0
PAY20496,P1074,2023-02-20,6.71,Approved,2023.0,2.0
PAY20497,P1074,2024-06-30,8.31,Approved,2024.0,6.0
PAY20498,P1074,2024-06-14,8.08,Approved,2024.0,6.0
PAY20499,P1075,2024-08-09,11.64,Paid,2024.0,8.0
PAY20500,P1075,2025-02-03,14.37,Approved,2025.0,2.0
PAY20501,P1075,2025-06-18,11.27,Pending,2025.0,6.0
PAY20502,P1076,2026-01-31,7.16,Partially Paid,2026.0,1.0
PAY20503,,2026-02-21,5.16,Approved,2026.0,2.0
PAY20504,P1076,2025-12-28,9.15,Paid,2025.0,12.0
PAY20505,P1076,2025-10-30,2.01,Partially Paid,2025.0,10.0
PAY20506,P1076,2026-03-26,6.1,Partially Paid,2026.0,3.0
PAY20507,P1077,2027-08-03,8.04,On Hold,2027.0,8.0
PAY20508,P1077,2026-04-21,0.49,Partially Paid,2026.0,4.0
PAY20509,P1077,2025-05-06,14.41,Approved,2025.0,5.0
PAY20510,P1078,2026-01-20,8.73,Paid,2026.0,1.0
PAY20511,P1078,2026-09-09,1.36,Paid,2026.0,9.0
PAY20512,P1078,2026-06-10,11.76,On Hold,2026.0,6.0
PAY20513,P1078,2025-11-18,12.03,Paid,2025.0,11.0
PAY20514,P1078,2026-06-18,13.86,On Hold,2026.0,6.0
PAY20515,P1078,2026-07-27,14.9,Paid,2026.0,7.0
PAY20516,P1078,2026-09-25,10.34,Approved,2026.0,9.0
PAY20517,P1078,2026-04-24,6.91,Pending,2026.0,4.0
PAY20518,P1078,2026-07-28,5.12,Pending,2026.0,7.0
PAY20519,P1078,2026-07-26,8.73,Partially Paid,2026.0,7.0
PAY20520,p1079,2027-03-14,0.57,On Hold,2027.0,3.0
PAY20521,,2026-05-13,0.34,Partially Paid,2026.0,5.0
PAY20522,P1079,2025-12-23,0.38,Approved,2025.0,12.0
PAY20523,P1079,2026-07-20,2.47,Pending,2026.0,7.0
PAY20524,P1079,,10.2,Approved,,
PAY20525,P1079,2026-09-12,7.0,Pending,2026.0,9.0
PAY20526,P1079,2027-01-12,12.37,Approved,2027.0,1.0
PAY20527,P1079,2027-03-16,13.23,On Hold,2027.0,3.0
PAY20528,P1079,2026-03-02,3.04,Pending,2026.0,3.0
PAY20529,P1080,2023-01-25,2.93,,2023.0,1.0
PAY20530,P1080,2023-09-13,9.13,Paid,2023.0,9.0
PAY20531,P1080,,2.13,Approved,,
PAY20532,P1080,2022-05-25,5.08,Approved,2022.0,5.0
PAY20533,P1080,2022-11-06,9.96,Pending,2022.0,11.0
PAY20534,P1080,2023-01-20,2.66,Approved,2023.0,1.0
PAY20535,P1081,2024-05-12,11.64,Paid,2024.0,5.0
PAY20536,P1081,2024-04-01,13.2,Partially Paid,2024.0,4.0
PAY20537,P1081,2024-03-25,12.55,Partially Paid,2024.0,3.0
PAY20538,P1081,2024-02-04,6.8,Pending,2024.0,2.0
PAY20539,,2024-08-03,0.98,Partially Paid,2024.0,8.0
PAY20540,P1081,2024-08-13,3.18,Partially Paid,2024.0,8.0
PAY20541,P1082,2022-07-13,14.55,On Hold,2022.0,7.0
PAY20542,P1082,2023-11-22,10.94,Paid,2023.0,11.0
PAY20543,P1082,2022-09-22,11.41,Paid,2022.0,9.0
PAY20544,P1082,2023-08-22,11.17,Approved,2023.0,8.0
PAY20545,P1083,2024-03-11,3.07,Paid,2024.0,3.0
PAY20546,P1083,2024-04-27,5.56,Approved,2024.0,4.0
PAY20547,P1083,2024-04-28,1.9,Partially Paid,2024.0,4.0
PAY20548,P1083,2023-08-20,0.36,Partially Paid,2023.0,8.0
PAY20549,P1083,2024-03-03,14.43,Paid,2024.0,3.0
PAY20550,P1083,2024-02-09,5.57,Approved,2024.0,2.0
PAY20551,P1083,2023-09-14,6.65,Approved,2023.0,9.0
PAY20552,P1083,2023-12-07,15.0,Paid,2023.0,12.0
PAY20553,P1084,2028-04-30,7.2,,2028.0,4.0
PAY20554,P1084,2027-12-03,9.8,Approved,2027.0,12.0
PAY20555,P1084,2026-01-01,2.33,Pending,2026.0,1.0
PAY20556,P1084,2026-05-16,8.58,Pending,2026.0,5.0
PAY20557,P1084,2027-05-01,2.55,Partially Paid,2027.0,5.0
PAY20558,P1084,2028-01-05,0.83,On Hold,2028.0,1.0
PAY20559,P1084,2028-02-15,3.34,Approved,2028.0,2.0
PAY20560,P1084,2026-12-01,9.36,Pending,2026.0,12.0
PAY20561,P1084,2027-01-19,2.79,On Hold,2027.0,1.0
PAY20562,P1085,2026-03-03,5.63,Paid,2026.0,3.0
PAY20563,P1085,2026-02-12,0.69,Pending,2026.0,2.0
PAY20564,P1085,2026-07-09,6.2,Approved,2026.0,7.0
PAY20565,P1085,2026-05-28,9.42,Paid,2026.0,5.0
PAY20566,P1085,2025-09-25,5.14,Partially Paid,2025.0,9.0
PAY20567,P1086,2026-06-01,13.73,Paid,2026.0,6.0
PAY20568,P1086,2027-01-26,11.5,On Hold,2027.0,1.0
PAY20569,P1086,2026-06-27,2.58,Paid,2026.0,6.0
PAY20570,P1087,2024-10-14,1.61,Paid,2024.0,10.0
PAY20571,P1087,2024-06-23,14.54,Partially Paid,2024.0,6.0
PAY20572,P1087,2025-04-29,12.88,On Hold,2025.0,4.0
PAY20573,P1087,2025-05-24,2.23,On Hold,2025.0,5.0
PAY20574,,2026-06-06,9.64,Approved,2026.0,6.0
PAY20575,P1087,2025-06-30,7.17,Approved,2025.0,6.0
PAY20576,P1087,2024-07-09,5.01,On Hold,2024.0,7.0
PAY20577,P1087,2025-03-09,14.36,Paid,2025.0,3.0
PAY20578,P1088,2027-05-02,11.29,On Hold,2027.0,5.0
PAY20579,P1088,2026-07-02,2.11,On Hold,2026.0,7.0
PAY20580,P1088,,12.13,Pending,,
PAY20581,P1088,2026-08-01,9.97,Paid,2026.0,8.0
PAY20582,P1088,2027-01-31,4.41,On Hold,2027.0,1.0
PAY20583,P1088,2026-03-31,3.93,Approved,2026.0,3.0
PAY20584,P1088,2026-06-21,11.02,Approved,2026.0,6.0
PAY20585,P1088,2026-11-15,10.73,Partially Paid,2026.0,11.0
PAY20586,P1088,2027-05-30,7.87,Approved,2027.0,5.0
PAY20587,P1088,2026-04-27,5.09,Approved,2026.0,4.0
PAY20588,P1089,2024-06-10,11.11,Paid,2024.0,6.0
PAY20589,P1089,2024-09-04,13.61,,2024.0,9.0
PAY20590,P1089,2024-07-07,0.96,Pending,2024.0,7.0
PAY20591,P1089,2023-11-20,0.46,Paid,2023.0,11.0
PAY20592,P1089,2023-12-18,2.64,Approved,2023.0,12.0
PAY20593,P1090,2023-11-28,7.39,Approved,2023.0,11.0
PAY20594,P1090,2023-07-01,9.52,On Hold,2023.0,7.0
PAY20595,P1090,2023-10-20,6.92,Pending,2023.0,10.0
PAY20596,P1091,2024-07-21,4.13,Partially Paid,2024.0,7.0
PAY20597,P1091,2023-02-21,11.24,On Hold,2023.0,2.0
PAY20598,P1091,2023-10-04,5.22,Pending,2023.0,10.0
PAY20599,P1091,2023-07-12,5.28,Partially Paid,2023.0,7.0
PAY20600,P1091,2024-05-08,6.98,Paid,2024.0,5.0
PAY20601,P1091,2024-09-07,12.88,On Hold,2024.0,9.0
PAY20602,P1091,2023-07-20,1.18,Approved,2023.0,7.0
PAY20603,P1091,2024-01-03,9.72,On Hold,2024.0,1.0
PAY20604,P1091,2023-03-02,1.65,Partially Paid,2023.0,3.0
PAY20605,P1091,2023-02-14,2.02,Approved,2023.0,2.0
PAY20606,P1092,,4.78,Partially Paid,,
PAY20607,P1092,2023-09-08,14.5,On Hold,2023.0,9.0
PAY20608,P1092,2023-10-29,6.11,On Hold,2023.0,10.0
PAY20609,P1092,2023-11-04,2.34,Pending,2023.0,11.0
PAY20610,P1092,2023-08-05,3.18,Approved,2023.0,8.0
PAY20611,P1093,2024-11-25,12.93,On Hold,2024.0,11.0
PAY20612,P1093,2023-06-16,12.05,Approved,2023.0,6.0
PAY20613,P1093,2024-11-01,3.65,On Hold,2024.0,11.0
PAY20614,P1093,2023-10-16,5.77,Paid,2023.0,10.0
PAY20615,P1093,2025-03-25,2.69,On Hold,2025.0,3.0
PAY20616,P1094,2024-10-12,8.23,On Hold,2024.0,10.0
PAY20617,P1094,2025-03-01,12.91,Approved,2025.0,3.0
PAY20618,P1094,2024-08-21,14.4,Partially Paid,2024.0,8.0
PAY20619,P1094,2024-12-25,6.0,On Hold,2024.0,12.0
PAY20620,P1094,2025-02-27,13.43,Partially Paid,2025.0,2.0
PAY20621,P1094,2025-01-07,2.26,Approved,2025.0,1.0
PAY20622,P1095,2023-12-11,3.96,On Hold,2023.0,12.0
PAY20623,P1095,2024-08-10,3.33,On Hold,2024.0,8.0
PAY20624,P1095,2025-05-26,14.4,Paid,2025.0,5.0
PAY20625,P1096,2023-10-03,2.37,Pending,2023.0,10.0
PAY20626,P1096,2024-01-16,6.02,Pending,2024.0,1.0
PAY20627,P1096,2024-07-15,6.02,Pending,2024.0,7.0
PAY20628,P1096,2024-01-22,12.56,Paid,2024.0,1.0
PAY20629,P1096,2023-12-30,14.46,Approved,2023.0,12.0
PAY20630,P1096,2023-10-03,13.42,Paid,2023.0,10.0
PAY20631,P1096,2025-01-01,14.18,Pending,2025.0,1.0
PAY20632,P1096,2023-12-09,6.79,Approved,2023.0,12.0
PAY20633,P1096,2024-04-12,0.41,Paid,2024.0,4.0
PAY20634,P1097,2023-03-12,1.76,On Hold,2023.0,3.0
PAY20635,P1097,2023-02-13,3.67,Partially Paid,2023.0,2.0
PAY20636,P1097,2022-11-16,12.38,On Hold,2022.0,11.0
PAY20637,P1097,2023-02-04,2.52,Approved,2023.0,2.0
PAY20638,P1097,2022-11-03,14.25,Paid,2022.0,11.0
PAY20639,P1097,2022-12-29,12.61,Approved,2022.0,12.0
PAY20640,P1097,2022-08-13,9.5,Partially Paid,2022.0,8.0
PAY20641,P1098,2025-10-01,11.44,Pending,2025.0,10.0
PAY20642,P1098,2025-11-07,1.77,On Hold,2025.0,11.0
PAY20643,P1098,2025-05-27,3.81,Partially Paid,2025.0,5.0
PAY20644,P1098,2025-08-06,6.47,Paid,2025.0,8.0
PAY20645,P1098,2025-03-03,12.67,Approved,2025.0,3.0
PAY20646,P1099,2024-03-03,7.74,Partially Paid,2024.0,3.0
PAY20647,P1099,2024-03-17,12.59,Approved,2024.0,3.0
PAY20648,P1099,2023-05-23,0.44,Partially Paid,2023.0,5.0
PAY20649,P1099,2023-08-13,8.89,Pending,2023.0,8.0
PAY20650,P1099,2024-02-07,6.65,Approved,2024.0,2.0
PAY20651,P1099,2023-06-03,14.96,Partially Paid,2023.0,6.0
PAY20652,P1099,2024-01-23,9.2,On Hold,2024.0,1.0
PAY20653,P1100,2027-03-23,7.9,Partially Paid,2027.0,3.0
PAY20654,P1100,2025-08-22,9.12,On Hold,2025.0,8.0
PAY20655,P1100,2027-11-15,11.96,Paid,2027.0,11.0
PAY20656,P1100,2027-02-19,1.65,Pending,2027.0,2.0
PAY20657,P1100,2026-07-14,8.81,On Hold,2026.0,7.0
PAY20658,P1100,2026-09-14,12.28,Paid,2026.0,9.0
PAY20659,P1100,2026-06-30,9.79,Partially Paid,2026.0,6.0
PAY20660,P1100,2027-11-29,7.05,On Hold,2027.0,11.0
PAY20661,P1100,2025-08-17,14.12,Partially Paid,2025.0,8.0
PAY20662,P1101,2022-06-02,8.61,,2022.0,6.0
PAY20663,P1101,2022-12-31,14.2,Paid,2022.0,12.0
PAY20664,P1101,2022-07-11,13.83,Paid,2022.0,7.0
PAY20665,P1102,2025-05-03,5.54,Approved,2025.0,5.0
PAY20666,P1102,2025-08-12,14.61,Pending,2025.0,8.0
PAY20667,P1102,2025-05-27,6.83,Paid,2025.0,5.0
PAY20668,P1102,2025-07-15,7.01,,2025.0,7.0
PAY20669,P1102,2025-01-28,3.34,On Hold,2025.0,1.0
PAY20670,,2025-07-12,11.18,Approved,2025.0,7.0
PAY20671,P1102,2025-02-09,12.71,Paid,2025.0,2.0
PAY20672,P1102,2025-07-24,5.44,On Hold,2025.0,7.0
PAY20673,P1102,2025-04-07,4.92,Approved,2025.0,4.0
PAY20674,P1102,2024-11-28,13.73,Paid,2024.0,11.0
PAY20675,P1103,2026-04-20,9.42,Pending,2026.0,4.0
PAY20676,P1103,2026-05-25,3.23,Partially Paid,2026.0,5.0
PAY20677,P1103,2026-05-09,5.22,Partially Paid,2026.0,5.0
PAY20678,P1103,2026-05-15,11.38,Pending,2026.0,5.0
PAY20679,P1103,2026-04-25,0.48,Pending,2026.0,4.0
PAY20680,P1103,2026-04-18,13.66,On Hold,2026.0,4.0
PAY20681,P1103,2026-04-11,11.41,On Hold,2026.0,4.0
PAY20682,P1103,2026-02-10,6.12,Paid,2026.0,2.0
PAY20683,P1103,2026-02-20,1.63,On Hold,2026.0,2.0
PAY20684,P1104,2028-04-09,4.13,Approved,2028.0,4.0
PAY20685,P1104,2027-05-18,5.47,Pending,2027.0,5.0
PAY20686,P1104,2026-12-18,1.78,Approved,2026.0,12.0
PAY20687,P1104,2027-08-09,8.66,Paid,2027.0,8.0
PAY20688,P1104,2026-10-16,14.99,Partially Paid,2026.0,10.0
PAY20689,P1104,2028-03-13,0.85,On Hold,2028.0,3.0
PAY20690,P1104,2026-04-26,10.1,Approved,2026.0,4.0
PAY20691,P1104,2025-12-15,7.54,Pending,2025.0,12.0
PAY20692,P1104,2026-07-28,13.16,Partially Paid,2026.0,7.0
PAY20693,P1105,2024-02-15,0.43,Pending,2024.0,2.0
PAY20694,P1105,2023-12-13,12.9,Partially Paid,2023.0,12.0
PAY20695,P1105,2024-07-14,6.36,On Hold,2024.0,7.0
PAY20696,P1105,2024-09-18,3.09,Pending,2024.0,9.0
PAY20697,P1105,2024-08-24,8.82,On Hold,2024.0,8.0
PAY20698,P1105,2024-06-18,11.27,Approved,2024.0,6.0
PAY20699,P1106,2023-07-12,5.71,Pending,2023.0,7.0
PAY20700,P1106,2023-03-20,8.22,Paid,2023.0,3.0
PAY20701,P1106,2022-09-11,4.99,Pending,2022.0,9.0
PAY20702,P1106,2023-10-30,8.79,Paid,2023.0,10.0
PAY20703,P1106,2023-09-28,10.7,On Hold,2023.0,9.0
PAY20704,P1106,2023-03-14,1.8,On Hold,2023.0,3.0
PAY20705,P1106,2022-12-16,10.87,On Hold,2022.0,12.0
PAY20706,P1107,2024-07-22,4.22,Paid,2024.0,7.0
PAY20707,P1107,2024-07-19,9.38,Partially Paid,2024.0,7.0
PAY20708,P1107,2024-09-24,6.68,Pending,2024.0,9.0
PAY20709,P1107,2023-12-08,8.51,On Hold,2023.0,12.0
PAY20710,P1107,2024-10-24,1.1,Approved,2024.0,10.0
PAY20711,P1107,2024-07-28,13.05,Pending,2024.0,7.0
PAY20712,P1108,2025-04-17,1.21,Approved,2025.0,4.0
PAY20713,P1108,2025-01-03,14.22,Paid,2025.0,1.0
PAY20714,P1108,2025-09-04,6.6,Pending,2025.0,9.0
PAY20715,P1108,2025-05-30,3.42,Partially Paid,2025.0,5.0
PAY20716,P1109,2026-06-15,10.53,Approved,2026.0,6.0
PAY20717,P1109,2026-03-01,3.68,On Hold,2026.0,3.0
PAY20718,P1109,2026-04-09,2.38,On Hold,2026.0,4.0
PAY20719,P1109,2026-08-27,8.91,Paid,2026.0,8.0
PAY20720,P1109,,1.03,Approved,,
PAY20721,P1109,2026-07-10,2.02,Paid,2026.0,7.0
PAY20722,P1109,2026-07-24,1.19,Partially Paid,2026.0,7.0
PAY20723,P1110,2025-11-16,3.92,On Hold,2025.0,11.0
PAY20724,P1110,2025-10-31,12.58,Paid,2025.0,10.0
PAY20725,P1110,2027-02-24,13.95,Paid,2027.0,2.0
PAY20726,P1110,2026-04-05,1.56,Partially Paid,2026.0,4.0
PAY20727,P1110,2026-12-09,10.59,Partially Paid,2026.0,12.0
PAY20728,P1111,2026-09-10,10.52,Pending,2026.0,9.0
PAY20729,P1111,2026-08-02,2.95,Approved,2026.0,8.0
PAY20730,P1111,2026-08-14,2.87,Partially Paid,2026.0,8.0
PAY20731,P1111,2026-05-01,7.62,Pending,2026.0,5.0
PAY20732,P1111,2026-05-09,6.17,Pending,2026.0,5.0
PAY20733,P1111,2026-08-10,14.79,Paid,2026.0,8.0
PAY20734,P1111,2026-07-29,6.91,Paid,2026.0,7.0
PAY20735,P1111,2026-05-06,0.55,On Hold,2026.0,5.0
PAY20736,P1111,2025-10-17,14.73,Paid,2025.0,10.0
PAY20737,P1112,2022-11-08,2.74,On Hold,2022.0,11.0
PAY20738,P1112,2022-08-15,0.32,Partially Paid,2022.0,8.0
PAY20739,P1112,2023-06-12,0.66,On Hold,2023.0,6.0
PAY20740,P1112,2024-03-01,5.78,Paid,2024.0,3.0
PAY20741,P1112,2023-01-26,3.03,On Hold,2023.0,1.0
PAY20742,P1112,2023-12-26,2.93,Pending,2023.0,12.0
PAY20743,P1112,2023-07-22,1.68,Pending,2023.0,7.0
PAY20744,P1112,2024-04-08,5.77,Pending,2024.0,4.0
PAY20745,P1113,2026-09-24,12.73,Pending,2026.0,9.0
PAY20746,P1113,2026-03-04,2.45,Partially Paid,2026.0,3.0
PAY20747,P1113,2024-11-01,9.43,On Hold,2024.0,11.0
PAY20748,P1113,2025-02-01,12.16,Approved,2025.0,2.0
PAY20749,P1113,2025-07-26,1.84,Pending,2025.0,7.0
PAY20750,P1113,2026-05-28,7.9,Paid,2026.0,5.0
PAY20751,P1113,2026-02-22,3.1,Pending,2026.0,2.0
PAY20752,P1113,2026-06-20,13.82,Partially Paid,2026.0,6.0
PAY20753,P1113,2026-08-06,8.33,Partially Paid,2026.0,8.0
PAY20754,P1113,2026-01-02,14.17,On Hold,2026.0,1.0
PAY20755,P1114,2026-12-31,3.88,Pending,2026.0,12.0
PAY20756,P1114,2026-09-21,14.42,Partially Paid,2026.0,9.0
PAY20757,P1114,2026-07-30,11.96,Paid,2026.0,7.0
PAY20758,P1114,2027-01-20,1.11,Partially Paid,2027.0,1.0
PAY20759,P1115,2024-01-26,1.59,Approved,2024.0,1.0
PAY20760,P1115,2024-02-02,8.55,On Hold,2024.0,2.0
PAY20761,P1115,2024-01-28,6.06,On Hold,2024.0,1.0
PAY20762,P1115,2024-05-31,3.21,Approved,2024.0,5.0
PAY20763,P1116,2027-01-06,11.51,Approved,2027.0,1.0
PAY20764,P1116,2027-07-08,6.54,Partially Paid,2027.0,7.0
PAY20765,P1116,2026-10-26,1.47,Paid,2026.0,10.0
PAY20766,P1116,2027-02-20,1.79,On Hold,2027.0,2.0
PAY20767,P1116,2027-02-12,9.24,Approved,2027.0,2.0
PAY20768,P1117,2025-04-06,11.62,Paid,2025.0,4.0
PAY20769,P1117,2025-12-08,12.51,Pending,2025.0,12.0
PAY20770,P1117,2024-09-15,4.78,On Hold,2024.0,9.0
PAY20771,P1117,2026-01-21,8.26,Approved,2026.0,1.0
PAY20772,P1117,2024-08-04,8.13,,2024.0,8.0
PAY20773,P1117,2025-04-22,5.93,Approved,2025.0,4.0
PAY20774,P1117,2025-12-18,1.02,Partially Paid,2025.0,12.0
PAY20775,P1117,2025-11-18,7.98,Pending,2025.0,11.0
PAY20776,P1117,2025-11-18,5.72,Paid,2025.0,11.0
PAY20777,P1117,2025-01-21,1.71,Pending,2025.0,1.0
PAY20778,P1118,2024-08-24,4.97,Pending,2024.0,8.0
PAY20779,P1118,2024-01-15,3.3,On Hold,2024.0,1.0
PAY20780,P1118,2022-09-10,0.92,Partially Paid,2022.0,9.0
PAY20781,P1118,2023-03-24,13.53,Paid,2023.0,3.0
PAY20782,P1118,2023-06-19,0.32,Pending,2023.0,6.0
PAY20783,P1118,2024-07-01,12.25,Approved,2024.0,7.0
PAY20784,P1119,2026-02-17,12.44,Approved,2026.0,2.0
PAY20785,P1119,2026-02-23,0.91,Pending,2026.0,2.0
PAY20786,,,3.88,Approved,,
PAY20787,P1119,2026-03-06,10.29,Approved,2026.0,3.0
PAY20788,P1119,2025-11-14,14.12,Approved,2025.0,11.0
PAY20789,P1120,2023-06-14,6.38,Partially Paid,2023.0,6.0
PAY20790,P1120,2024-06-24,4.35,Pending,2024.0,6.0
PAY20791,P1120,2024-10-15,3.99,Paid,2024.0,10.0
PAY20792,P1120,2024-07-12,0.87,Partially Paid,2024.0,7.0
PAY20793,p1120,2023-10-13,10.03,Pending,2023.0,10.0
PAY20794,P1120,2023-08-15,9.65,Paid,2023.0,8.0
PAY20795,P1120,2023-11-13,13.56,Partially Paid,2023.0,11.0
PAY20796,P1120,2023-08-11,2.95,Approved,2023.0,8.0
PAY20797,P1120,2023-11-22,14.17,Approved,2023.0,11.0
PAY20798,P1121,2025-11-02,8.16,Approved,2025.0,11.0
PAY20799,P1121,2026-08-21,4.11,Paid,2026.0,8.0
PAY20800,P1121,2026-02-23,12.39,Pending,2026.0,2.0
PAY20801,P1121,2025-04-13,8.43,Partially Paid,2025.0,4.0
PAY20802,P1121,2025-08-08,2.12,Paid,2025.0,8.0
PAY20803,P1121,2026-05-10,7.31,Paid,2026.0,5.0
PAY20804,P1121,2025-09-06,0.81,Partially Paid,2025.0,9.0
PAY20805,P1121,2025-07-22,1.48,Paid,2025.0,7.0
PAY20806,P1121,2025-09-19,6.68,,2025.0,9.0
PAY20807,P1122,2023-10-26,2.36,On Hold,2023.0,10.0
PAY20808,P1122,2023-11-10,0.86,,2023.0,11.0
PAY20809,P1122,2023-11-09,14.62,Pending,2023.0,11.0
PAY20810,P1122,2023-10-19,4.94,On Hold,2023.0,10.0
PAY20811,P1122,2022-10-20,14.24,Approved,2022.0,10.0
PAY20812,P1122,2023-12-27,14.27,Pending,2023.0,12.0
PAY20813,P1122,2023-04-10,7.07,Paid,2023.0,4.0
PAY20814,P1122,2023-05-01,5.86,Approved,2023.0,5.0
PAY20815,P1122,2023-06-28,1.19,Pending,2023.0,6.0
PAY20816,,2023-08-30,3.12,Partially Paid,2023.0,8.0
PAY20817,P1123,2023-06-20,1.27,Pending,2023.0,6.0
PAY20818,P1123,2023-12-02,8.05,On Hold,2023.0,12.0
PAY20819,P1123,2022-09-06,2.36,Approved,2022.0,9.0
PAY20820,P1124,2022-06-15,10.35,Partially Paid,2022.0,6.0
PAY20821,P1124,2023-01-09,8.13,On Hold,2023.0,1.0
PAY20822,P1124,2023-04-22,2.76,Approved,2023.0,4.0
PAY20823,P1125,2023-01-11,2.37,Paid,2023.0,1.0
PAY20824,P1125,2024-11-02,3.7,Partially Paid,2024.0,11.0
PAY20825,P1125,2022-12-06,8.55,Partially Paid,2022.0,12.0
PAY20826,P1125,2024-07-05,2.01,Pending,2024.0,7.0
PAY20827,P1125,2024-09-06,0.77,On Hold,2024.0,9.0
PAY20828,P1125,2023-02-16,0.54,Partially Paid,2023.0,2.0
PAY20829,P1125,2024-07-10,9.76,Approved,2024.0,7.0
PAY20830,P1125,2024-11-04,9.34,Partially Paid,2024.0,11.0
PAY20831,P1126,2026-10-19,7.49,Approved,2026.0,10.0
PAY20832,P1126,2025-11-07,14.71,Partially Paid,2025.0,11.0
PAY20833,P1126,2026-03-24,13.81,Pending,2026.0,3.0
PAY20834,P1126,2026-02-27,8.16,Approved,2026.0,2.0
PAY20835,P1126,2025-07-06,2.38,Pending,2025.0,7.0
PAY20836,P1126,2025-12-21,14.99,Pending,2025.0,12.0
PAY20837,P1127,2025-11-09,6.62,Approved,2025.0,11.0
PAY20838,P1127,2026-01-11,0.88,Partially Paid,2026.0,1.0
PAY20839,P1127,2026-08-03,12.81,Partially Paid,2026.0,8.0
PAY20840,P1127,2026-01-02,12.64,Approved,2026.0,1.0
PAY20841,P1127,2026-02-13,14.14,Partially Paid,2026.0,2.0
PAY20842,P1127,2026-05-31,7.04,Partially Paid,2026.0,5.0
PAY20843,P1127,2026-06-14,14.3,Partially Paid,2026.0,6.0
PAY20844,p1127,2026-05-04,5.23,Partially Paid,2026.0,5.0
PAY20845,P1128,2025-09-26,3.29,Pending,2025.0,9.0
PAY20846,P1128,2024-10-14,8.63,On Hold,2024.0,10.0
PAY20847,P1128,2025-04-09,13.53,On Hold,2025.0,4.0
PAY20848,P1128,2025-05-25,5.78,Approved,2025.0,5.0
PAY20849,P1128,2024-11-06,6.04,Partially Paid,2024.0,11.0
PAY20850,P1129,2025-07-30,9.87,Approved,2025.0,7.0
PAY20851,P1129,2025-10-21,6.33,Pending,2025.0,10.0
PAY20852,P1129,2024-08-31,5.23,Pending,2024.0,8.0
PAY20853,P1129,2025-11-27,5.92,On Hold,2025.0,11.0
PAY20854,P1130,2024-10-10,14.16,Paid,2024.0,10.0
PAY20855,P1130,2025-02-18,3.3,On Hold,2025.0,2.0
PAY20856,P1130,2025-02-11,2.79,On Hold,2025.0,2.0
PAY20857,P1130,2025-03-09,2.55,Partially Paid,2025.0,3.0
PAY20858,P1130,2025-01-19,11.78,Pending,2025.0,1.0
PAY20859,P1130,2024-10-02,6.32,Partially Paid,2024.0,10.0
PAY20860,P1130,2024-10-26,13.05,Pending,2024.0,10.0
PAY20861,P1130,2025-03-08,13.99,Approved,2025.0,3.0
PAY20862,P1130,2025-01-28,14.01,On Hold,2025.0,1.0
PAY20863,P1131,2026-08-28,1.68,Paid,2026.0,8.0
PAY20864,P1131,2025-10-29,0.57,Paid,2025.0,10.0
PAY20865,P1131,2026-03-04,12.83,Approved,2026.0,3.0
PAY20866,P1132,2023-09-12,11.22,Pending,2023.0,9.0
PAY20867,P1132,2023-12-28,12.65,Approved,2023.0,12.0
PAY20868,P1132,2024-11-16,13.66,On Hold,2024.0,11.0
PAY20869,P1132,2024-05-19,7.26,Pending,2024.0,5.0
PAY20870,P1132,2023-12-10,4.72,On Hold,2023.0,12.0
PAY20871,P1132,2023-07-30,13.54,Pending,2023.0,7.0
PAY20872,P1132,2023-08-03,6.37,On Hold,2023.0,8.0
PAY20873,P1132,2024-11-11,6.29,On Hold,2024.0,11.0
PAY20874,P1133,2024-04-10,10.43,Pending,2024.0,4.0
PAY20875,P1133,2024-01-16,10.04,Pending,2024.0,1.0
PAY20876,P1133,2024-07-03,1.68,Paid,2024.0,7.0
PAY20877,P1133,2024-01-27,13.23,Partially Paid,2024.0,1.0
PAY20878,P1133,2024-05-31,7.28,Paid,2024.0,5.0
PAY20879,P1133,2024-09-14,10.4,Approved,2024.0,9.0
PAY20880,P1133,2024-07-01,8.88,Pending,2024.0,7.0
PAY20881,P1133,2024-07-05,13.44,Partially Paid,2024.0,7.0
PAY20882,P1133,2024-09-04,5.32,Approved,2024.0,9.0
PAY20883,P1133,2024-01-01,13.33,Paid,2024.0,1.0
PAY20884,P1134,2025-11-28,9.45,Partially Paid,2025.0,11.0
PAY20885,P1134,2025-12-13,1.89,Pending,2025.0,12.0
PAY20886,P1134,2027-04-23,4.98,Paid,2027.0,4.0
PAY20887,P1134,2026-07-11,9.14,Partially Paid,2026.0,7.0
PAY20888,P1134,2025-07-29,9.42,On Hold,2025.0,7.0
PAY20889,P1135,2026-05-11,5.64,Approved,2026.0,5.0
PAY20890,P1135,2026-06-03,7.82,On Hold,2026.0,6.0
PAY20891,,2025-12-13,7.47,Pending,2025.0,12.0
PAY20892,P1135,2026-01-11,9.83,Approved,2026.0,1.0
PAY20893,P1135,2026-08-15,6.87,Partially Paid,2026.0,8.0
PAY20894,P1135,2026-10-30,0.85,Partially Paid,2026.0,10.0
PAY20895,P1135,2026-02-09,5.16,Paid,2026.0,2.0
PAY20896,P1135,2026-04-01,13.11,On Hold,2026.0,4.0
PAY20897,P1135,2025-11-29,11.09,Paid,2025.0,11.0
PAY20898,P1136,2025-03-24,3.19,Partially Paid,2025.0,3.0
PAY20899,P1136,2025-03-24,5.98,Approved,2025.0,3.0
PAY20900,P1136,2025-03-19,5.2,On Hold,2025.0,3.0
PAY20901,P1136,2025-05-08,6.26,Approved,2025.0,5.0
PAY20902,P1136,2024-07-13,14.16,Approved,2024.0,7.0
PAY20903,P1136,,3.1,Approved,,
PAY20904,P1136,2024-11-28,1.48,Partially Paid,2024.0,11.0
PAY20905,P1137,2026-10-01,13.72,On Hold,2026.0,10.0
PAY20906,P1137,2025-03-14,0.59,Pending,2025.0,3.0
PAY20907,P1137,,3.83,Pending,,
PAY20908,P1137,2025-12-05,1.21,On Hold,2025.0,12.0
PAY20909,P1138,2022-09-28,12.99,Paid,2022.0,9.0
PAY20910,P1138,2022-07-14,11.11,Approved,2022.0,7.0
PAY20911,P1138,2024-03-24,1.29,On Hold,2024.0,3.0
PAY20912,P1138,2024-04-02,14.49,Partially Paid,2024.0,4.0
PAY20913,P1138,2024-04-07,13.13,Paid,2024.0,4.0
PAY20914,P1138,2024-03-19,2.05,Pending,2024.0,3.0
PAY20915,P1139,2023-12-09,2.99,Paid,2023.0,12.0
PAY20916,P1139,2023-09-20,6.64,Pending,2023.0,9.0
PAY20917,P1139,2024-04-19,0.99,Paid,2024.0,4.0
PAY20918,P1139,2024-10-17,4.98,On Hold,2024.0,10.0
PAY20919,P1139,2024-04-01,7.27,Pending,2024.0,4.0
PAY20920,P1139,2025-02-05,9.18,Pending,2025.0,2.0
PAY20921,P1140,2023-01-13,11.04,On Hold,2023.0,1.0
PAY20922,P1140,2022-05-26,6.78,On Hold,2022.0,5.0
PAY20923,P1140,2022-03-31,1.42,Pending,2022.0,3.0
PAY20924,P1140,2022-12-19,2.37,On Hold,2022.0,12.0
PAY20925,P1140,2022-10-04,10.57,Paid,2022.0,10.0
PAY20926,P1140,2022-10-03,3.01,Approved,2022.0,10.0
PAY20927,P1140,2022-11-13,2.65,On Hold,2022.0,11.0
PAY20928,P1140,2023-01-22,9.12,On Hold,2023.0,1.0
PAY20929,P1140,2023-01-11,3.47,Approved,2023.0,1.0
PAY20930,P1140,2023-03-13,11.1,On Hold,2023.0,3.0
PAY20931,P1141,2026-03-19,13.39,Approved,2026.0,3.0
PAY20932,P1141,2025-03-02,11.38,Paid,2025.0,3.0
PAY20933,P1141,2024-07-20,1.18,Approved,2024.0,7.0
PAY20934,P1142,2025-07-03,1.43,Partially Paid,2025.0,7.0
PAY20935,P1142,2024-12-01,14.66,,2024.0,12.0
PAY20936,P1142,2025-05-07,8.93,Approved,2025.0,5.0
PAY20937,P1143,2024-10-11,4.12,Approved,2024.0,10.0
PAY20938,P1143,2024-06-12,5.53,Partially Paid,2024.0,6.0
PAY20939,P1143,2024-03-22,7.62,Partially Paid,2024.0,3.0
PAY20940,P1143,2024-01-23,8.3,Pending,2024.0,1.0
PAY20941,P1144,2027-03-25,2.77,,2027.0,3.0
PAY20942,P1144,2026-09-24,7.11,Partially Paid,2026.0,9.0
PAY20943,P1144,2026-06-29,13.87,Partially Paid,2026.0,6.0
PAY20944,P1144,2026-11-18,13.06,Partially Paid,2026.0,11.0
PAY20945,P1144,2026-11-07,2.5,Partially Paid,2026.0,11.0
PAY20946,P1144,2026-10-04,14.26,Pending,2026.0,10.0
PAY20947,P1145,2026-08-13,14.85,Pending,2026.0,8.0
PAY20948,P1145,2026-09-01,5.64,Partially Paid,2026.0,9.0
PAY20949,P1145,2027-10-07,12.31,Pending,2027.0,10.0
PAY20950,P1145,2025-12-20,9.0,Pending,2025.0,12.0
PAY20951,P1145,2026-02-26,1.65,Partially Paid,2026.0,2.0
PAY20952,P1145,2026-11-14,2.46,Approved,2026.0,11.0
PAY20953,P1145,2026-02-06,0.57,Partially Paid,2026.0,2.0
PAY20954,P1145,,4.73,On Hold,,
PAY20955,P1146,2022-09-26,3.05,On Hold,2022.0,9.0
PAY20956,P1146,2023-06-07,7.61,Partially Paid,2023.0,6.0
PAY20957,P1146,2022-08-22,7.44,Paid,2022.0,8.0
PAY20958,P1146,2022-11-29,14.43,Paid,2022.0,11.0
PAY20959,P1146,2022-11-14,10.66,On Hold,2022.0,11.0
PAY20960,P1146,2022-10-28,2.34,On Hold,2022.0,10.0
PAY20961,P1146,2023-02-10,12.1,Partially Paid,2023.0,2.0
PAY20962,P1147,2024-03-12,14.36,Pending,2024.0,3.0
PAY20963,P1147,2025-02-08,9.55,On Hold,2025.0,2.0
PAY20964,P1147,2025-05-12,9.27,On Hold,2025.0,5.0
PAY20965,P1147,2024-07-09,8.06,Approved,2024.0,7.0
PAY20966,P1147,2025-03-16,12.16,Pending,2025.0,3.0
PAY20967,P1147,2025-03-12,8.59,Partially Paid,2025.0,3.0
PAY20968,P1147,2024-05-02,0.51,Approved,2024.0,5.0
PAY20969,P1147,2025-04-30,3.88,Approved,2025.0,4.0
PAY20970,P1147,2026-02-01,3.69,Approved,2026.0,2.0
PAY20971,p1147,2025-12-08,13.76,Partially Paid,2025.0,12.0
PAY20972,P1148,2025-06-22,5.28,Approved,2025.0,6.0
PAY20973,P1148,2025-11-16,3.12,Pending,2025.0,11.0
PAY20974,P1148,,11.78,On Hold,,
PAY20975,P1148,2024-07-23,10.69,On Hold,2024.0,7.0
PAY20976,P1148,2024-07-31,12.25,Pending,2024.0,7.0
PAY20977,P1148,2025-04-15,8.56,Paid,2025.0,4.0
PAY20978,P1148,2024-10-17,7.79,Paid,2024.0,10.0
PAY20979,P1149,2024-06-26,2.44,Approved,2024.0,6.0
PAY20980,P1149,2023-07-19,8.06,Partially Paid,2023.0,7.0
PAY20981,P1149,2024-04-11,13.53,Approved,2024.0,4.0
PAY20982,P1149,2023-07-12,6.88,,2023.0,7.0
PAY20983,P1149,2024-07-17,11.61,Pending,2024.0,7.0
PAY20984,P1149,2023-12-11,12.75,Paid,2023.0,12.0
PAY20985,P1149,2024-02-05,3.89,Paid,2024.0,2.0
PAY20986,P1149,2023-11-22,5.5,On Hold,2023.0,11.0
PAY20987,P1149,2024-02-10,8.54,Approved,2024.0,2.0
PAY20988,P1150,2023-07-07,14.78,On Hold,2023.0,7.0
PAY20989,P1150,2024-01-27,8.16,Pending,2024.0,1.0
PAY20990,P1150,2024-02-16,9.06,Paid,2024.0,2.0
PAY20991,P1150,2023-04-01,11.07,Pending,2023.0,4.0
PAY20992,P1150,2023-07-27,12.03,Approved,2023.0,7.0
PAY20993,P1150,2023-03-08,11.91,Partially Paid,2023.0,3.0
PAY20994,P1150,2023-10-25,12.32,,2023.0,10.0
PAY20995,P1150,2023-04-02,4.1,Pending,2023.0,4.0
PAY20996,P1151,2024-09-04,0.68,Partially Paid,2024.0,9.0
PAY20997,P1151,2024-10-29,5.69,Pending,2024.0,10.0
PAY20998,P1151,2025-11-10,9.48,On Hold,2025.0,11.0
PAY20999,P1151,2025-01-17,9.01,Approved,2025.0,1.0
PAY21000,P1151,2024-11-28,14.07,Partially Paid,2024.0,11.0
PAY21001,P1151,2025-05-19,3.17,On Hold,2025.0,5.0
PAY21002,P1151,2025-11-17,4.45,On Hold,2025.0,11.0
PAY21003,P1152,2026-05-13,14.35,Paid,2026.0,5.0
PAY21004,P1152,2025-08-09,13.05,On Hold,2025.0,8.0
PAY21005,P1152,2026-10-18,5.69,Approved,2026.0,10.0
PAY21006,P1152,,8.36,Partially Paid,,
PAY21007,P1152,2027-04-09,5.03,Pending,2027.0,4.0
PAY21008,P1153,2024-09-22,12.58,Paid,2024.0,9.0
PAY21009,P1153,2024-10-08,4.42,On Hold,2024.0,10.0
PAY21010,,2024-08-31,0.83,On Hold,2024.0,8.0
PAY21011,P1153,2023-12-12,10.91,Pending,2023.0,12.0
PAY21012,P1153,2024-07-25,1.19,Paid,2024.0,7.0
PAY21013,P1153,2024-01-24,2.49,On Hold,2024.0,1.0
PAY21014,P1153,2024-02-05,14.12,Pending,2024.0,2.0
PAY21015,P1153,2023-12-31,11.38,Approved,2023.0,12.0
PAY21016,P1154,2025-12-21,6.34,Paid,2025.0,12.0
PAY21017,P1154,2026-07-20,6.16,Paid,2026.0,7.0
PAY21018,P1154,2026-08-05,6.39,Partially Paid,2026.0,8.0
PAY21019,P1154,2026-01-28,8.33,Paid,2026.0,1.0
PAY21020,P1154,2026-02-24,6.87,Paid,2026.0,2.0
PAY21021,P1154,2026-03-23,3.6,Paid,2026.0,3.0
PAY21022,P1154,2026-08-22,0.61,Pending,2026.0,8.0
PAY21023,P1154,2026-07-13,0.88,Pending,2026.0,7.0
PAY21024,P1155,2025-10-13,14.33,Pending,2025.0,10.0
PAY21025,P1155,2026-10-04,4.96,Partially Paid,2026.0,10.0
PAY21026,P1155,2027-02-18,10.14,Paid,2027.0,2.0
PAY21027,P1155,2026-10-14,11.54,Partially Paid,2026.0,10.0
PAY21028,P1155,2025-06-03,10.13,Partially Paid,2025.0,6.0
PAY21029,P1155,2026-11-24,1.25,Pending,2026.0,11.0
PAY21030,P1156,2024-09-20,3.64,Partially Paid,2024.0,9.0
PAY21031,P1156,2024-06-09,5.4,Paid,2024.0,6.0
PAY21032,P1156,2025-03-30,13.25,On Hold,2025.0,3.0
PAY21033,P1157,2026-05-04,3.39,On Hold,2026.0,5.0
PAY21034,P1157,2025-03-31,13.75,On Hold,2025.0,3.0
PAY21035,P1157,2026-01-06,4.17,Approved,2026.0,1.0
PAY21036,P1157,2026-08-29,5.98,Pending,2026.0,8.0
PAY21037,P1157,2025-12-11,5.18,Approved,2025.0,12.0
PAY21038,P1158,2023-09-17,2.01,Approved,2023.0,9.0
PAY21039,P1158,2023-10-17,0.68,On Hold,2023.0,10.0
PAY21040,P1158,2024-01-27,10.16,Partially Paid,2024.0,1.0
PAY21041,P1158,,2.98,Paid,,
PAY21042,P1158,2023-09-14,12.12,Pending,2023.0,9.0
PAY21043,P1158,2023-06-10,11.46,Approved,2023.0,6.0
PAY21044,P1158,2024-04-29,10.42,Pending,2024.0,4.0
PAY21045,P1159,2025-01-18,7.09,Pending,2025.0,1.0
PAY21046,P1159,,13.38,Approved,,
PAY21047,P1159,2024-08-24,7.79,Approved,2024.0,8.0
PAY21048,P1159,2024-01-27,3.44,Pending,2024.0,1.0
PAY21049,P1159,2024-12-21,3.29,Partially Paid,2024.0,12.0
PAY21050,P1159,2026-01-21,5.08,Partially Paid,2026.0,1.0
PAY21051,P1159,2025-09-22,11.37,Partially Paid,2025.0,9.0
PAY21052,P1160,2024-06-25,9.05,Pending,2024.0,6.0
PAY21053,P1160,2023-10-21,9.34,Paid,2023.0,10.0
PAY21054,P1160,2023-09-27,9.38,Paid,2023.0,9.0
PAY21055,P1160,2024-01-30,13.97,Approved,2024.0,1.0
PAY21056,P1160,,5.88,On Hold,,
PAY21057,P1160,2023-12-02,1.68,Approved,2023.0,12.0
PAY21058,P1160,2023-12-31,9.78,Partially Paid,2023.0,12.0
PAY21059,P1160,2024-03-20,1.37,Partially Paid,2024.0,3.0
PAY21060,P1160,2023-09-23,4.64,Paid,2023.0,9.0
PAY21061,P1160,2023-11-12,4.71,Approved,2023.0,11.0
PAY21062,P1161,2026-02-08,2.02,Paid,2026.0,2.0
PAY21063,P1161,2026-11-13,2.83,Paid,2026.0,11.0
PAY21064,P1161,2025-10-10,10.94,Partially Paid,2025.0,10.0
PAY21065,P1161,2027-02-27,10.5,Approved,2027.0,2.0
PAY21066,P1161,2026-04-16,0.58,On Hold,2026.0,4.0
PAY21067,P1161,2026-11-17,1.18,Pending,2026.0,11.0
PAY21068,P1161,2026-02-19,1.21,Partially Paid,2026.0,2.0
PAY21069,P1161,2025-08-13,0.8,Partially Paid,2025.0,8.0
PAY21070,P1161,2026-11-02,6.33,Paid,2026.0,11.0
PAY21071,P1161,2027-02-24,13.49,Paid,2027.0,2.0
PAY21072,P1162,2023-05-08,4.4,Partially Paid,2023.0,5.0
PAY21073,P1162,2022-12-29,12.08,Paid,2022.0,12.0
PAY21074,P1162,2023-04-28,4.26,Pending,2023.0,4.0
PAY21075,P1162,2023-01-07,10.42,Paid,2023.0,1.0
PAY21076,P1162,2023-04-23,0.9,On Hold,2023.0,4.0
PAY21077,P1162,2023-06-09,12.89,On Hold,2023.0,6.0
PAY21078,P1162,2023-05-06,7.46,Pending,2023.0,5.0
PAY21079,P1163,2022-10-25,5.62,On Hold,2022.0,10.0
PAY21080,P1163,2022-12-06,6.98,Partially Paid,2022.0,12.0
PAY21081,P1163,2023-03-06,2.67,Approved,2023.0,3.0
PAY21082,P1164,2025-04-23,11.09,Approved,2025.0,4.0
PAY21083,P1164,2025-06-06,2.82,Partially Paid,2025.0,6.0
PAY21084,P1164,2025-05-19,7.15,Approved,2025.0,5.0
PAY21085,P1164,2025-12-07,4.56,Partially Paid,2025.0,12.0
PAY21086,P1164,2025-10-21,8.25,Approved,2025.0,10.0
PAY21087,P1165,2025-04-06,9.13,Pending,2025.0,4.0
PAY21088,P1165,2025-12-14,13.89,Partially Paid,2025.0,12.0
PAY21089,P1165,2026-04-14,11.37,Pending,2026.0,4.0
PAY21090,P1165,2025-02-20,5.32,Pending,2025.0,2.0
PAY21091,P1165,2026-09-13,5.29,Pending,2026.0,9.0
PAY21092,P1165,2026-08-18,2.31,Pending,2026.0,8.0
PAY21093,P1165,2026-12-18,6.1,Partially Paid,2026.0,12.0
PAY21094,P1165,2025-05-02,14.86,On Hold,2025.0,5.0
PAY21095,P1165,2025-02-19,7.91,On Hold,2025.0,2.0
PAY21096,P1166,2022-11-15,14.03,Pending,2022.0,11.0
PAY21097,P1166,2022-10-18,10.34,Approved,2022.0,10.0
PAY21098,P1166,2023-07-13,1.97,Approved,2023.0,7.0
PAY21099,P1167,2023-05-08,9.94,Partially Paid,2023.0,5.0
PAY21100,P1167,2022-12-04,8.76,Partially Paid,2022.0,12.0
PAY21101,P1167,2023-08-01,11.34,Paid,2023.0,8.0
PAY21102,P1167,2022-12-07,9.7,Partially Paid,2022.0,12.0
PAY21103,P1167,2022-11-01,12.56,Pending,2022.0,11.0
PAY21104,P1167,2023-08-15,0.26,On Hold,2023.0,8.0
PAY21105,P1167,2022-10-08,7.55,Paid,2022.0,10.0
PAY21106,P1167,2023-08-04,14.26,Pending,2023.0,8.0
PAY21107,P1167,2023-09-04,6.24,Pending,2023.0,9.0
PAY21108,P1168,2025-11-12,3.07,Paid,2025.0,11.0
PAY21109,P1168,2025-04-25,4.61,Pending,2025.0,4.0
PAY21110,P1168,2025-06-04,12.46,Paid,2025.0,6.0
PAY21111,P1168,2025-05-05,3.99,Paid,2025.0,5.0
PAY21112,P1169,2026-09-01,10.01,Paid,2026.0,9.0
PAY21113,P1169,2026-07-04,5.31,Approved,2026.0,7.0
PAY21114,P1169,2026-04-01,4.73,On Hold,2026.0,4.0
PAY21115,P1169,2027-01-02,9.62,On Hold,2027.0,1.0
PAY21116,P1169,2025-10-12,10.27,Paid,2025.0,10.0
PAY21117,P1169,2027-01-24,4.96,Paid,2027.0,1.0
PAY21118,P1169,2026-05-19,10.58,Partially Paid,2026.0,5.0
PAY21119,P1169,2025-12-09,6.48,On Hold,2025.0,12.0
PAY21120,P1169,2026-08-25,14.25,Partially Paid,2026.0,8.0
PAY21121,P1170,2023-11-03,0.82,Partially Paid,2023.0,11.0
PAY21122,P1170,2024-05-15,13.61,Partially Paid,2024.0,5.0
PAY21123,P1170,2023-08-30,8.27,Paid,2023.0,8.0
PAY21124,P1171,2023-12-08,12.5,Paid,2023.0,12.0
PAY21125,P1171,2023-07-23,5.85,Approved,2023.0,7.0
PAY21126,P1171,2023-04-05,9.15,Partially Paid,2023.0,4.0
PAY21127,P1171,2022-12-20,5.01,On Hold,2022.0,12.0
PAY21128,P1171,2023-11-28,12.86,,2023.0,11.0
PAY21129,P1171,2023-10-13,6.31,Paid,2023.0,10.0
PAY21130,P1172,2026-08-16,12.98,Paid,2026.0,8.0
PAY21131,P1172,2026-05-19,6.81,On Hold,2026.0,5.0
PAY21132,P1172,2025-06-20,7.08,,2025.0,6.0
PAY21133,P1172,2026-01-18,12.07,On Hold,2026.0,1.0
PAY21134,P1172,2025-02-04,3.98,Paid,2025.0,2.0
PAY21135,P1173,2022-10-28,13.56,Approved,2022.0,10.0
PAY21136,P1173,2022-10-16,0.84,On Hold,2022.0,10.0
PAY21137,P1173,2023-04-07,6.54,Pending,2023.0,4.0
PAY21138,P1173,2022-07-20,3.19,Partially Paid,2022.0,7.0
PAY21139,P1173,2023-01-13,0.33,Pending,2023.0,1.0
PAY21140,P1173,2023-05-23,0.9,Pending,2023.0,5.0
PAY21141,P1173,2022-12-17,5.27,On Hold,2022.0,12.0
PAY21142,P1173,2023-09-20,3.62,Partially Paid,2023.0,9.0
PAY21143,P1173,2022-08-29,1.75,Pending,2022.0,8.0
PAY21144,P1173,2022-09-15,11.17,On Hold,2022.0,9.0
PAY21145,P1174,2024-01-26,7.57,Partially Paid,2024.0,1.0
PAY21146,P1174,2022-11-25,10.7,Approved,2022.0,11.0
PAY21147,P1174,2024-08-15,8.27,Partially Paid,2024.0,8.0
PAY21148,P1175,2022-10-17,4.36,On Hold,2022.0,10.0
PAY21149,P1175,2023-09-24,6.48,Paid,2023.0,9.0
PAY21150,P1175,2022-11-13,4.13,Approved,2022.0,11.0
PAY21151,P1175,2023-05-31,6.17,Pending,2023.0,5.0
PAY21152,P1175,2022-12-09,2.03,Pending,2022.0,12.0
PAY21153,P1175,2022-11-13,8.66,Pending,2022.0,11.0
PAY21154,p1175,2023-05-16,9.98,On Hold,2023.0,5.0
PAY21155,P1175,2023-04-09,8.47,Partially Paid,2023.0,4.0
PAY21156,P1175,2022-11-03,14.57,Pending,2022.0,11.0
PAY21157,P1175,2023-07-25,6.35,On Hold,2023.0,7.0
PAY21158,P1176,2025-10-14,3.24,Approved,2025.0,10.0
PAY21159,P1176,2025-07-05,11.26,Partially Paid,2025.0,7.0
PAY21160,P1176,2025-03-02,5.73,On Hold,2025.0,3.0
PAY21161,P1177,2025-08-10,7.99,Approved,2025.0,8.0
PAY21162,P1177,2025-12-09,8.08,Approved,2025.0,12.0
PAY21163,P1177,2026-02-23,12.22,Approved,2026.0,2.0
PAY21164,P1178,2024-09-27,12.07,Pending,2024.0,9.0
PAY21165,P1178,2025-04-03,7.25,Partially Paid,2025.0,4.0
PAY21166,P1178,2023-12-30,1.71,Partially Paid,2023.0,12.0
PAY21167,P1178,2024-12-11,9.59,On Hold,2024.0,12.0
PAY21168,P1178,2023-08-05,2.41,Pending,2023.0,8.0
PAY21169,P1178,2024-10-28,2.39,Paid,2024.0,10.0
PAY21170,P1179,2024-04-28,14.85,Paid,2024.0,4.0
PAY21171,P1179,2024-06-21,2.68,Partially Paid,2024.0,6.0
PAY21172,P1179,2025-03-28,9.48,Pending,2025.0,3.0
PAY21173,P1179,,4.12,Paid,,
PAY21174,P1179,2024-12-29,6.62,Approved,2024.0,12.0
PAY21175,P1179,2025-01-27,6.07,Pending,2025.0,1.0
PAY21176,P1179,2024-10-07,10.97,Approved,2024.0,10.0
PAY21177,P1179,2023-12-25,6.88,Pending,2023.0,12.0
PAY21178,P1179,2024-12-25,13.64,Partially Paid,2024.0,12.0
PAY21179,P1179,2024-08-10,14.25,On Hold,2024.0,8.0
PAY21180,P1180,2022-10-15,3.81,On Hold,2022.0,10.0
PAY21181,P1180,2023-02-25,7.58,Paid,2023.0,2.0
PAY21182,P1180,2023-07-24,9.1,Partially Paid,2023.0,7.0
PAY21183,P1180,2022-07-13,8.53,Pending,2022.0,7.0
PAY21184,P1180,2022-06-16,5.7,Partially Paid,2022.0,6.0
PAY21185,P1180,2023-02-18,7.1,Approved,2023.0,2.0
PAY21186,P1180,2023-03-13,12.59,On Hold,2023.0,3.0
PAY21187,P1180,2023-04-06,13.81,Partially Paid,2023.0,4.0
PAY21188,P1180,2023-10-12,7.44,On Hold,2023.0,10.0
PAY21189,P1181,2024-06-04,5.22,Partially Paid,2024.0,6.0
PAY21190,P1181,2024-03-31,8.11,On Hold,2024.0,3.0
PAY21191,P1181,2024-08-26,1.18,Approved,2024.0,8.0
PAY21192,P1181,2024-02-23,13.15,On Hold,2024.0,2.0
PAY21193,P1181,2024-06-26,3.61,Approved,2024.0,6.0
PAY21194,P1182,2026-03-11,3.07,Approved,2026.0,3.0
PAY21195,P1182,2025-02-21,12.43,On Hold,2025.0,2.0
PAY21196,P1182,2025-10-04,4.36,On Hold,2025.0,10.0
PAY21197,P1182,2025-10-17,10.13,Pending,2025.0,10.0
PAY21198,P1182,2024-12-29,12.08,Approved,2024.0,12.0
PAY21199,P1182,2025-02-19,10.38,Approved,2025.0,2.0
PAY21200,P1183,2024-07-09,12.02,,2024.0,7.0
PAY21201,P1183,,1.98,Approved,,
PAY21202,P1183,2024-08-21,3.28,Approved,2024.0,8.0
PAY21203,P1183,2024-06-17,13.34,Partially Paid,2024.0,6.0
PAY21204,P1183,2024-12-30,3.87,Partially Paid,2024.0,12.0
PAY21205,P1183,2024-09-15,14.0,Partially Paid,2024.0,9.0
PAY21206,P1183,2024-11-26,2.41,On Hold,2024.0,11.0
PAY21207,P1183,2024-02-24,3.97,Partially Paid,2024.0,2.0
PAY21208,P1184,2025-03-09,1.23,Approved,2025.0,3.0
PAY21209,P1184,2026-07-25,6.96,On Hold,2026.0,7.0
PAY21210,P1184,2025-12-14,7.79,Partially Paid,2025.0,12.0
PAY21211,P1184,2025-09-25,4.17,Partially Paid,2025.0,9.0
PAY21212,P1184,2026-07-20,9.03,Partially Paid,2026.0,7.0
PAY21213,P1184,2026-05-27,5.96,Paid,2026.0,5.0
PAY21214,P1184,2025-07-27,2.92,Approved,2025.0,7.0
PAY21215,P1184,2025-04-30,0.86,Paid,2025.0,4.0
PAY21216,P1184,2025-12-15,1.84,On Hold,2025.0,12.0
PAY21217,P1185,2024-01-21,11.81,Partially Paid,2024.0,1.0
PAY21218,P1185,2024-02-29,0.84,On Hold,2024.0,2.0
PAY21219,P1185,2023-12-17,0.4,Approved,2023.0,12.0
PAY21220,P1185,2024-10-01,10.86,Approved,2024.0,10.0
PAY21221,P1185,2024-06-24,3.8,Pending,2024.0,6.0
PAY21222,P1185,2024-09-28,9.15,Approved,2024.0,9.0
PAY21223,P1185,2024-08-25,5.46,Pending,2024.0,8.0
PAY21224,P1186,2023-03-31,8.42,Approved,2023.0,3.0
PAY21225,P1186,2023-10-19,2.78,Partially Paid,2023.0,10.0
PAY21226,P1186,2023-10-02,8.24,Paid,2023.0,10.0
PAY21227,P1186,2023-08-19,1.59,On Hold,2023.0,8.0
PAY21228,P1186,2023-12-09,12.19,Paid,2023.0,12.0
PAY21229,P1187,2024-05-27,12.72,Pending,2024.0,5.0
PAY21230,P1187,2024-05-24,7.03,Pending,2024.0,5.0
PAY21231,P1187,,13.78,Approved,,
PAY21232,P1187,2024-03-16,0.3,Approved,2024.0,3.0
PAY21233,P1188,2023-09-29,12.95,Partially Paid,2023.0,9.0
PAY21234,P1188,2023-05-15,3.4,Paid,2023.0,5.0
PAY21235,P1188,2022-05-07,6.28,Partially Paid,2022.0,5.0
PAY21236,P1188,2023-05-12,2.47,Partially Paid,2023.0,5.0
PAY21237,P1188,2023-11-04,11.32,Paid,2023.0,11.0
PAY21238,P1188,2023-08-21,11.53,Pending,2023.0,8.0
PAY21239,P1188,2023-07-01,6.69,On Hold,2023.0,7.0
PAY21240,P1188,2023-01-29,5.0,Partially Paid,2023.0,1.0
PAY21241,P1188,2023-07-17,9.33,Partially Paid,2023.0,7.0
PAY21242,P1189,2022-06-07,2.38,Paid,2022.0,6.0
PAY21243,P1189,2022-08-04,12.59,Partially Paid,2022.0,8.0
PAY21244,P1189,2022-04-16,11.87,Pending,2022.0,4.0
PAY21245,P1189,2022-04-28,4.88,Partially Paid,2022.0,4.0
PAY21246,P1189,2022-05-13,3.92,Approved,2022.0,5.0
PAY21247,P1189,2022-05-02,5.85,Partially Paid,2022.0,5.0
PAY21248,P1190,2024-07-18,14.05,Pending,2024.0,7.0
PAY21249,P1190,2024-06-06,10.54,Partially Paid,2024.0,6.0
PAY21250,P1190,2024-08-15,12.05,Partially Paid,2024.0,8.0
PAY21251,P1191,2023-12-14,5.87,Partially Paid,2023.0,12.0
PAY21252,P1191,2024-01-22,10.93,Partially Paid,2024.0,1.0
PAY21253,P1191,2023-07-28,6.7,Approved,2023.0,7.0
PAY21254,P1191,2023-10-08,4.22,Approved,2023.0,10.0
PAY21255,P1191,2024-02-13,2.58,Pending,2024.0,2.0
PAY21256,P1191,2024-08-23,8.89,On Hold,2024.0,8.0
PAY21257,P1191,2024-04-14,8.08,Pending,2024.0,4.0
PAY21258,P1191,2024-08-19,0.79,Partially Paid,2024.0,8.0
PAY21259,P1192,,11.47,Paid,,
PAY21260,P1192,2023-02-16,13.76,Paid,2023.0,2.0
PAY21261,P1192,2022-12-31,10.51,Paid,2022.0,12.0
PAY21262,P1192,2022-06-27,1.42,Approved,2022.0,6.0
PAY21263,P1192,2022-10-08,2.45,Pending,2022.0,10.0
PAY21264,P1192,2022-09-30,4.36,Pending,2022.0,9.0
PAY21265,P1192,2022-06-16,6.29,Pending,2022.0,6.0
PAY21266,P1192,2022-11-12,1.23,Paid,2022.0,11.0
PAY21267,P1193,,9.91,Pending,,
PAY21268,P1193,2026-10-09,8.33,,2026.0,10.0
PAY21269,P1193,2026-06-07,3.73,Pending,2026.0,6.0
PAY21270,P1194,2025-06-20,11.65,Approved,2025.0,6.0
PAY21271,P1194,2025-08-16,8.13,Partially Paid,2025.0,8.0
PAY21272,P1194,2026-02-24,11.47,Pending,2026.0,2.0
PAY21273,P1194,2025-08-03,8.12,Pending,2025.0,8.0
PAY21274,P1195,2025-01-26,0.38,Pending,2025.0,1.0
PAY21275,P1195,2025-01-05,4.27,Paid,2025.0,1.0
PAY21276,P1195,2024-04-08,7.69,Paid,2024.0,4.0
PAY21277,P1195,2023-12-21,2.24,Paid,2023.0,12.0
PAY21278,P1195,2024-03-07,2.55,Pending,2024.0,3.0
PAY21279,P1195,2023-07-18,12.96,Approved,2023.0,7.0
PAY21280,P1196,2026-04-14,3.88,Pending,2026.0,4.0
PAY21281,P1196,2026-08-19,1.87,Pending,2026.0,8.0
PAY21282,P1196,2025-11-11,9.69,Paid,2025.0,11.0
PAY21283,P1196,2025-09-24,14.75,Pending,2025.0,9.0
PAY21284,P1196,2025-08-21,4.49,On Hold,2025.0,8.0
PAY21285,P1196,,7.48,Partially Paid,,
PAY21286,P1196,2026-05-29,8.24,Partially Paid,2026.0,5.0
PAY21287,P1197,2024-08-23,14.16,Approved,2024.0,8.0
PAY21288,P1197,2024-11-02,9.18,Partially Paid,2024.0,11.0
PAY21289,P1197,2024-10-15,3.96,Partially Paid,2024.0,10.0
PAY21290,P1197,2023-12-21,7.67,Partially Paid,2023.0,12.0
PAY21291,p1197,2023-11-30,12.12,Pending,2023.0,11.0
PAY21292,P1197,2023-11-03,9.1,Approved,2023.0,11.0
PAY21293,P1197,2024-12-01,4.65,On Hold,2024.0,12.0
PAY21294,P1197,2025-01-01,6.33,Partially Paid,2025.0,1.0
PAY21295,P1197,2024-02-27,5.76,Approved,2024.0,2.0
PAY21296,P1197,2024-06-02,3.18,Paid,2024.0,6.0
PAY21297,P1198,2025-01-11,11.68,Pending,2025.0,1.0
PAY21298,P1198,2025-01-26,13.01,Pending,2025.0,1.0
PAY21299,P1198,2025-08-18,11.96,Partially Paid,2025.0,8.0
PAY21300,,2024-06-30,2.35,Pending,2024.0,6.0
PAY21301,P1198,2025-01-15,3.98,Partially Paid,2025.0,1.0
PAY21302,P1198,2025-02-12,10.77,Approved,2025.0,2.0
PAY21303,P1199,2025-11-03,2.17,Paid,2025.0,11.0
PAY21304,P1199,2025-07-14,14.23,Paid,2025.0,7.0
PAY21305,P1199,2025-08-09,5.77,Approved,2025.0,8.0
PAY21306,P1199,2025-11-04,13.66,Partially Paid,2025.0,11.0
PAY21307,P1199,2025-04-19,9.07,Approved,2025.0,4.0
PAY21308,P1199,2025-11-28,8.39,Paid,2025.0,11.0
PAY21309,P1200,2023-03-23,5.45,Pending,2023.0,3.0
PAY21310,P1200,2023-11-26,13.85,Pending,2023.0,11.0
PAY21311,P1200,2023-01-24,14.88,Pending,2023.0,1.0
PAY21312,P1200,2025-02-13,10.74,Approved,2025.0,2.0
PAY21313,P1200,2023-03-15,0.61,Pending,2023.0,3.0
PAY21314,P1200,2024-10-19,7.94,Paid,2024.0,10.0
PAY21315,P1200,2024-04-16,6.2,On Hold,2024.0,4.0
PAY21316,P1200,2024-04-28,5.37,Approved,2024.0,4.0
PAY21317,P1200,2023-10-31,5.68,On Hold,2023.0,10.0
PAY21318,P1200,2024-09-03,2.07,Partially Paid,2024.0,9.0
PAY21319,P1201,2024-02-06,11.51,Paid,2024.0,2.0
PAY21320,P1201,2024-06-05,11.74,On Hold,2024.0,6.0
PAY21321,P1201,2024-03-15,1.24,Pending,2024.0,3.0
PAY21322,P1201,2024-08-25,5.82,Partially Paid,2024.0,8.0
PAY21323,P1201,2024-07-08,10.91,Approved,2024.0,7.0
PAY21324,P1201,2023-09-11,2.35,Pending,2023.0,9.0
PAY21325,P1201,2023-08-16,9.35,Approved,2023.0,8.0
PAY21326,P1201,2024-01-17,3.5,Paid,2024.0,1.0
PAY21327,P1201,2023-12-02,0.43,Pending,2023.0,12.0
PAY21328,P1201,2023-10-07,6.42,Pending,2023.0,10.0
PAY21329,P1202,2024-05-20,6.55,On Hold,2024.0,5.0
PAY21330,P1202,2024-09-03,14.86,Pending,2024.0,9.0
PAY21331,P1202,2023-12-17,14.87,Pending,2023.0,12.0
PAY21332,P1202,2024-01-24,4.17,Partially Paid,2024.0,1.0
PAY21333,P1202,2024-02-22,3.48,Pending,2024.0,2.0
PAY21334,P1202,2025-05-05,1.93,Partially Paid,2025.0,5.0
PAY21335,P1202,2024-12-01,9.35,Approved,2024.0,12.0
PAY21336,P1202,2025-04-10,14.35,Approved,2025.0,4.0
PAY21337,P1202,2025-07-29,8.49,Approved,2025.0,7.0
PAY21338,P1203,2027-06-16,2.55,On Hold,2027.0,6.0
PAY21339,P1203,2027-06-09,10.32,On Hold,2027.0,6.0
PAY21340,P1203,2028-02-28,13.47,Pending,2028.0,2.0
PAY21341,P1203,2028-04-06,0.58,Partially Paid,2028.0,4.0
PAY21342,P1203,2026-09-28,5.09,On Hold,2026.0,9.0
PAY21343,P1203,2026-10-27,7.61,Partially Paid,2026.0,10.0
PAY21344,P1203,2026-02-14,14.29,Approved,2026.0,2.0
PAY21345,P1203,2028-03-23,12.98,Paid,2028.0,3.0
PAY21346,P1204,2023-10-16,3.55,Pending,2023.0,10.0
PAY21347,P1204,2022-12-06,7.1,Pending,2022.0,12.0
PAY21348,P1204,2022-07-05,10.54,On Hold,2022.0,7.0
PAY21349,P1204,2023-04-02,6.34,Partially Paid,2023.0,4.0
PAY21350,P1204,2023-05-30,8.61,Approved,2023.0,5.0
PAY21351,P1205,2024-02-14,2.65,Partially Paid,2024.0,2.0
PAY21352,P1205,2024-09-16,1.23,Approved,2024.0,9.0
PAY21353,P1205,2025-01-10,1.09,,2025.0,1.0
PAY21354,P1205,2024-12-03,6.62,Partially Paid,2024.0,12.0
PAY21355,P1206,2026-01-17,5.17,Approved,2026.0,1.0
PAY21356,P1206,2026-04-17,4.79,Partially Paid,2026.0,4.0
PAY21357,P1206,2027-05-04,13.94,Partially Paid,2027.0,5.0
PAY21358,P1206,2027-08-11,3.41,Partially Paid,2027.0,8.0
PAY21359,P1206,2026-08-14,4.48,On Hold,2026.0,8.0
PAY21360,P1206,2026-06-03,5.21,On Hold,2026.0,6.0
PAY21361,P1206,2026-11-16,9.0,Paid,2026.0,11.0
PAY21362,P1206,2026-03-30,1.46,Paid,2026.0,3.0
PAY21363,P1206,,8.22,Partially Paid,,
PAY21364,P1206,2026-03-21,14.03,Pending,2026.0,3.0
PAY21365,P1207,2025-07-09,7.2,Paid,2025.0,7.0
PAY21366,P1207,2025-09-14,4.55,Approved,2025.0,9.0
PAY21367,P1207,2026-01-06,10.07,Paid,2026.0,1.0
PAY21368,P1208,2024-09-27,13.42,Approved,2024.0,9.0
PAY21369,P1208,2024-07-22,0.82,On Hold,2024.0,7.0
PAY21370,P1208,2024-07-04,14.83,On Hold,2024.0,7.0
PAY21371,P1209,2023-06-01,11.9,Partially Paid,2023.0,6.0
PAY21372,P1209,2024-04-02,1.84,On Hold,2024.0,4.0
PAY21373,P1209,2023-09-11,9.33,On Hold,2023.0,9.0
PAY21374,P1210,2024-02-29,2.29,Partially Paid,2024.0,2.0
PAY21375,P1210,2024-02-17,2.57,On Hold,2024.0,2.0
PAY21376,P1210,2023-11-25,7.57,Pending,2023.0,11.0
PAY21377,P1210,2024-02-29,0.72,Approved,2024.0,2.0
PAY21378,P1211,2026-02-24,7.22,Partially Paid,2026.0,2.0
PAY21379,P1211,2025-09-05,14.29,Approved,2025.0,9.0
PAY21380,P1211,2025-08-03,9.89,Partially Paid,2025.0,8.0
PAY21381,P1211,2025-10-06,12.15,Pending,2025.0,10.0
PAY21382,P1211,2025-08-11,10.08,Pending,2025.0,8.0
PAY21383,P1212,2026-03-04,2.44,Pending,2026.0,3.0
PAY21384,P1212,2025-07-29,1.42,On Hold,2025.0,7.0
PAY21385,P1212,2025-09-09,2.43,Partially Paid,2025.0,9.0
PAY21386,P1212,2025-09-13,2.45,Paid,2025.0,9.0
PAY21387,P1212,2025-12-02,11.61,Approved,2025.0,12.0
PAY21388,P1212,2026-05-03,3.78,Partially Paid,2026.0,5.0
PAY21389,P1213,2025-04-13,2.06,On Hold,2025.0,4.0
PAY21390,P1213,2024-12-24,14.08,Pending,2024.0,12.0
PAY21391,P1213,2025-06-17,9.93,Approved,2025.0,6.0
PAY21392,P1213,2024-07-28,6.01,Approved,2024.0,7.0
PAY21393,P1213,2024-04-26,0.97,Approved,2024.0,4.0
PAY21394,P1213,2025-03-23,3.0,Partially Paid,2025.0,3.0
PAY21395,P1213,2025-06-07,9.96,Partially Paid,2025.0,6.0
PAY21396,P1213,2025-01-15,6.88,Approved,2025.0,1.0
PAY21397,P1213,2025-04-26,9.96,On Hold,2025.0,4.0
PAY21398,P1214,2024-01-20,13.07,Pending,2024.0,1.0
PAY21399,P1214,2024-09-25,6.38,Partially Paid,2024.0,9.0
PAY21400,P1214,2024-12-20,2.44,Pending,2024.0,12.0
PAY21401,P1214,2024-09-14,7.81,Partially Paid,2024.0,9.0
PAY21402,P1214,2024-10-23,13.63,Pending,2024.0,10.0
PAY21403,P1215,2023-07-12,11.62,Approved,2023.0,7.0
PAY21404,P1215,2024-05-19,12.05,Approved,2024.0,5.0
PAY21405,P1215,2024-05-13,0.29,Partially Paid,2024.0,5.0
PAY21406,P1215,2024-10-28,3.23,Pending,2024.0,10.0
PAY21407,P1215,2024-05-08,10.29,On Hold,2024.0,5.0
PAY21408,P1215,2024-03-09,8.08,On Hold,2024.0,3.0
PAY21409,P1215,2023-12-21,6.67,Paid,2023.0,12.0
PAY21410,P1215,2024-09-10,14.47,On Hold,2024.0,9.0
PAY21411,P1215,2024-03-26,8.2,Partially Paid,2024.0,3.0
PAY21412,P1216,2025-11-22,5.16,Partially Paid,2025.0,11.0
PAY21413,P1216,2026-09-30,9.5,Paid,2026.0,9.0
PAY21414,P1216,2026-06-04,12.49,Partially Paid,2026.0,6.0
PAY21415,P1217,2023-09-13,8.69,Approved,2023.0,9.0
PAY21416,P1217,2023-09-04,3.54,Approved,2023.0,9.0
PAY21417,P1217,2023-04-08,13.4,Paid,2023.0,4.0
PAY21418,,2023-03-03,10.11,On Hold,2023.0,3.0
PAY21419,P1217,,6.07,Paid,,
PAY21420,P1217,2023-08-04,3.63,Pending,2023.0,8.0
PAY21421,P1217,2023-06-24,3.77,Paid,2023.0,6.0
PAY21422,P1217,2023-06-14,0.95,Paid,2023.0,6.0
PAY21423,P1217,2023-03-26,8.15,On Hold,2023.0,3.0
PAY21424,P1217,2023-06-07,0.49,Approved,2023.0,6.0
PAY21425,P1218,2022-12-14,14.84,Pending,2022.0,12.0
PAY21426,P1218,2023-01-02,10.0,Approved,2023.0,1.0
PAY21427,P1218,2023-05-08,1.96,Pending,2023.0,5.0
PAY21428,P1219,2024-04-15,10.95,Pending,2024.0,4.0
PAY21429,P1219,2024-03-30,9.93,Paid,2024.0,3.0
PAY21430,P1219,2024-08-20,6.59,Approved,2024.0,8.0
PAY21431,P1219,2024-07-12,3.87,Partially Paid,2024.0,7.0
PAY21432,P1219,2022-10-10,1.72,Approved,2022.0,10.0
PAY21433,P1219,,9.95,Approved,,
PAY21434,P1219,2023-11-18,2.64,Partially Paid,2023.0,11.0
PAY21435,P1219,2023-04-15,11.01,Approved,2023.0,4.0
PAY21436,P1219,2022-12-27,11.54,Approved,2022.0,12.0
PAY21437,P1220,2026-07-04,10.45,Paid,2026.0,7.0
PAY21438,P1220,2025-11-08,14.75,Paid,2025.0,11.0
PAY21439,P1220,2026-12-10,14.07,Pending,2026.0,12.0
PAY21440,P1220,2025-11-02,11.74,Approved,2025.0,11.0
PAY21441,P1220,2025-12-30,1.92,Partially Paid,2025.0,12.0
PAY21442,P1220,,2.04,On Hold,,
PAY21443,P1220,2026-05-26,7.78,Partially Paid,2026.0,5.0
PAY21444,,2027-08-01,1.48,Paid,2027.0,8.0
PAY21445,P1221,2026-05-15,2.85,Pending,2026.0,5.0
PAY21446,P1221,2026-11-28,14.19,Paid,2026.0,11.0
PAY21447,P1221,2027-02-13,12.11,Paid,2027.0,2.0
PAY21448,P1221,2025-07-22,2.64,,2025.0,7.0
PAY21449,P1221,2025-10-30,7.95,On Hold,2025.0,10.0
PAY21450,P1221,2025-12-03,7.31,Approved,2025.0,12.0
PAY21451,P1222,2023-12-24,12.84,Partially Paid,2023.0,12.0
PAY21452,P1222,2023-04-26,12.16,Partially Paid,2023.0,4.0
PAY21453,P1222,2023-08-15,2.72,On Hold,2023.0,8.0
PAY21454,P1223,2025-10-21,8.9,Paid,2025.0,10.0
PAY21455,P1223,2025-09-21,3.59,Partially Paid,2025.0,9.0
PAY21456,P1223,2025-03-13,11.62,Partially Paid,2025.0,3.0
PAY21457,P1223,2024-07-15,9.73,Pending,2024.0,7.0
PAY21458,P1223,,0.79,Pending,,
PAY21459,P1223,2023-08-24,8.67,Paid,2023.0,8.0
PAY21460,P1223,2025-07-01,14.03,Approved,2025.0,7.0
PAY21461,P1223,2024-10-19,11.31,Paid,2024.0,10.0
PAY21462,P1223,2024-07-08,12.96,Paid,2024.0,7.0
PAY21463,P1223,2024-01-05,12.68,On Hold,2024.0,1.0
PAY21464,P1224,2026-06-17,2.25,Partially Paid,2026.0,6.0
PAY21465,P1224,2026-05-28,14.94,Approved,2026.0,5.0
PAY21466,P1224,2025-10-18,9.47,Paid,2025.0,10.0
PAY21467,P1224,2026-09-24,12.57,Approved,2026.0,9.0
PAY21468,P1225,2024-10-16,8.17,Partially Paid,2024.0,10.0
PAY21469,P1225,2024-09-27,0.82,Paid,2024.0,9.0
PAY21470,P1225,2024-01-27,14.1,Pending,2024.0,1.0
PAY21471,P1225,2025-11-13,4.06,Partially Paid,2025.0,11.0
PAY21472,P1225,2024-05-06,4.39,Partially Paid,2024.0,5.0
PAY21473,P1225,2024-02-16,14.63,Approved,2024.0,2.0
PAY21474,P1226,2024-08-31,4.8,Approved,2024.0,8.0
PAY21475,P1226,2024-05-29,0.59,Approved,2024.0,5.0
PAY21476,P1226,2024-03-09,2.98,Paid,2024.0,3.0
PAY21477,P1226,2023-08-27,13.99,On Hold,2023.0,8.0
PAY21478,P1227,2026-08-11,1.92,Approved,2026.0,8.0
PAY21479,P1227,2026-07-12,4.95,Paid,2026.0,7.0
PAY21480,P1227,2026-02-08,8.75,On Hold,2026.0,2.0
PAY21481,P1227,2025-10-24,3.66,Approved,2025.0,10.0
PAY21482,P1228,2024-02-25,11.47,On Hold,2024.0,2.0
PAY21483,P1228,2024-04-02,12.92,On Hold,2024.0,4.0
PAY21484,P1228,2024-04-13,8.77,On Hold,2024.0,4.0
PAY21485,P1228,2023-05-23,13.62,Approved,2023.0,5.0
PAY21486,P1228,2023-02-11,13.46,Paid,2023.0,2.0
PAY21487,P1228,2023-05-30,13.8,Partially Paid,2023.0,5.0
PAY21488,P1228,2023-02-07,9.95,Approved,2023.0,2.0
PAY21489,P1229,2023-10-12,1.26,On Hold,2023.0,10.0
PAY21490,P1229,2023-05-29,1.83,Partially Paid,2023.0,5.0
PAY21491,P1229,2023-07-07,7.17,Approved,2023.0,7.0
PAY21492,P1230,2024-10-07,1.83,Pending,2024.0,10.0
PAY21493,P1230,2024-11-01,14.11,Pending,2024.0,11.0
PAY21494,P1230,2024-02-14,5.18,Pending,2024.0,2.0
PAY21495,P1230,2024-12-01,13.79,Paid,2024.0,12.0
PAY21496,P1230,2024-11-21,12.23,Partially Paid,2024.0,11.0
PAY21497,P1230,2024-04-24,11.0,Pending,2024.0,4.0
PAY21498,P1230,2024-03-30,11.13,On Hold,2024.0,3.0
PAY21499,P1230,2024-05-05,14.85,Paid,2024.0,5.0
PAY21500,P1230,2024-09-27,13.16,On Hold,2024.0,9.0
PAY21501,P1231,2024-03-25,8.33,Paid,2024.0,3.0
PAY21502,P1231,2024-01-21,3.36,Partially Paid,2024.0,1.0
PAY21503,P1231,2023-05-23,12.42,Approved,2023.0,5.0
PAY21504,P1231,2023-10-25,2.26,On Hold,2023.0,10.0
PAY21505,P1231,2024-01-02,13.68,Approved,2024.0,1.0
PAY21506,P1231,2023-08-09,3.92,Paid,2023.0,8.0
PAY21507,P1232,2023-12-29,9.81,Partially Paid,2023.0,12.0
PAY21508,P1232,2023-04-13,14.67,Partially Paid,2023.0,4.0
PAY21509,P1232,2024-12-06,3.07,Approved,2024.0,12.0
PAY21510,P1232,2025-03-19,2.14,Pending,2025.0,3.0
PAY21511,P1232,2025-07-23,9.7,Paid,2025.0,7.0
PAY21512,P1232,2025-02-27,3.92,Paid,2025.0,2.0
PAY21513,P1232,2023-12-04,14.97,Paid,2023.0,12.0
PAY21514,P1232,2025-04-29,1.31,Partially Paid,2025.0,4.0
PAY21515,P1232,2023-08-26,14.49,Approved,2023.0,8.0
PAY21516,P1233,2024-08-26,0.29,Pending,2024.0,8.0
PAY21517,P1233,2024-01-01,12.49,Paid,2024.0,1.0
PAY21518,P1233,2024-06-04,1.83,Pending,2024.0,6.0
PAY21519,P1233,2024-06-21,2.38,Paid,2024.0,6.0
PAY21520,P1234,2024-02-22,14.66,Partially Paid,2024.0,2.0
PAY21521,P1234,2025-01-30,7.9,Approved,2025.0,1.0
PAY21522,P1234,2024-06-23,10.03,Pending,2024.0,6.0
PAY21523,P1234,2023-10-24,5.99,Pending,2023.0,10.0
PAY21524,P1234,2025-02-05,12.91,Pending,2025.0,2.0
PAY21525,P1234,2024-08-09,7.46,Approved,2024.0,8.0
PAY21526,P1234,2024-06-16,0.97,Paid,2024.0,6.0
PAY21527,P1234,2024-06-12,7.09,Paid,2024.0,6.0
PAY21528,P1235,2026-12-25,7.02,Approved,2026.0,12.0
PAY21529,P1235,2025-06-15,6.35,Approved,2025.0,6.0
PAY21530,P1235,2025-04-12,4.43,Pending,2025.0,4.0
PAY21531,P1236,2024-05-01,0.45,On Hold,2024.0,5.0
PAY21532,P1236,2022-05-11,8.9,Approved,2022.0,5.0
PAY21533,P1236,2023-01-10,9.75,Partially Paid,2023.0,1.0
PAY21534,P1236,2022-09-27,10.4,Approved,2022.0,9.0
PAY21535,,2023-07-07,14.46,Approved,2023.0,7.0
PAY21536,P1236,2022-08-17,7.34,Partially Paid,2022.0,8.0
PAY21537,P1236,2022-07-20,0.5,Pending,2022.0,7.0
PAY21538,P1236,2023-12-26,7.42,Pending,2023.0,12.0
PAY21539,P1236,2023-09-21,7.77,Pending,2023.0,9.0
PAY21540,P1237,2024-09-17,10.89,On Hold,2024.0,9.0
PAY21541,P1237,2024-09-10,10.43,Approved,2024.0,9.0
PAY21542,P1237,2025-01-22,12.04,Partially Paid,2025.0,1.0
PAY21543,P1237,2024-05-13,1.18,Paid,2024.0,5.0
PAY21544,P1238,2026-06-07,3.97,Pending,2026.0,6.0
PAY21545,P1238,2027-10-06,14.38,On Hold,2027.0,10.0
PAY21546,P1238,2027-05-12,8.72,On Hold,2027.0,5.0
PAY21547,P1238,2026-02-25,9.51,On Hold,2026.0,2.0
PAY21548,P1238,2025-08-25,2.45,Paid,2025.0,8.0
PAY21549,P1238,,11.59,On Hold,,
PAY21550,P1239,2027-02-08,5.28,Partially Paid,2027.0,2.0
PAY21551,P1239,2026-01-21,3.01,Approved,2026.0,1.0
PAY21552,P1239,2027-07-15,11.52,Approved,2027.0,7.0
PAY21553,P1239,2027-06-19,12.12,On Hold,2027.0,6.0
PAY21554,P1239,2026-01-27,9.53,On Hold,2026.0,1.0
PAY21555,P1239,2027-02-05,8.57,Paid,2027.0,2.0
PAY21556,P1239,2026-07-31,7.21,Pending,2026.0,7.0
PAY21557,P1239,2026-03-14,5.04,Approved,2026.0,3.0
PAY21558,P1239,2026-07-07,7.2,Pending,2026.0,7.0
PAY21559,P1240,2023-06-26,3.61,On Hold,2023.0,6.0
PAY21560,P1240,2022-10-25,10.42,Paid,2022.0,10.0
PAY21561,P1240,2023-08-02,13.46,Pending,2023.0,8.0
PAY21562,P1240,2023-05-15,13.03,Pending,2023.0,5.0
PAY21563,P1240,2023-06-13,6.33,Paid,2023.0,6.0
PAY21564,P1240,2022-12-08,10.29,On Hold,2022.0,12.0
PAY21565,P1240,2023-05-30,10.85,Pending,2023.0,5.0
PAY21566,P1240,2023-10-29,3.41,Approved,2023.0,10.0
PAY21567,P1241,2025-01-18,4.03,On Hold,2025.0,1.0
PAY21568,P1241,2026-02-03,2.02,Approved,2026.0,2.0
PAY21569,P1241,2026-03-17,13.42,Paid,2026.0,3.0
PAY21570,P1241,2025-11-25,13.87,On Hold,2025.0,11.0
PAY21571,P1242,2022-03-24,12.13,On Hold,2022.0,3.0
PAY21572,P1242,2022-06-08,0.9,Approved,2022.0,6.0
PAY21573,P1242,2022-05-01,9.95,Paid,2022.0,5.0
PAY21574,P1242,2022-10-13,12.3,Pending,2022.0,10.0
PAY21575,P1243,2026-09-07,1.73,On Hold,2026.0,9.0
PAY21576,P1243,2027-05-23,3.63,On Hold,2027.0,5.0
PAY21577,P1243,2026-07-15,0.25,Approved,2026.0,7.0
PAY21578,P1243,2026-10-04,11.36,On Hold,2026.0,10.0
PAY21579,P1243,2026-03-21,0.65,Paid,2026.0,3.0
PAY21580,P1243,2027-05-12,0.57,Approved,2027.0,5.0
PAY21581,P1243,2026-04-19,2.79,Pending,2026.0,4.0
PAY21582,P1243,2026-05-31,11.13,Pending,2026.0,5.0
PAY21583,p1243,2026-04-22,12.45,Pending,2026.0,4.0
PAY21584,,2025-05-22,7.05,Partially Paid,2025.0,5.0
PAY21585,P1244,2025-04-16,9.38,Paid,2025.0,4.0
PAY21586,P1244,2025-02-20,10.95,Pending,2025.0,2.0
PAY21587,P1244,2025-06-27,9.5,Approved,2025.0,6.0
PAY21588,P1244,2025-07-31,2.52,Paid,2025.0,7.0
PAY21589,P1245,2025-01-17,5.83,Pending,2025.0,1.0
PAY21590,P1245,2024-10-07,0.77,Pending,2024.0,10.0
PAY21591,P1245,2025-08-20,12.68,Partially Paid,2025.0,8.0
PAY21592,P1245,2024-01-09,1.5,Pending,2024.0,1.0
PAY21593,P1245,2024-04-23,1.33,Partially Paid,2024.0,4.0
PAY21594,P1246,2024-09-07,3.63,Pending,2024.0,9.0
PAY21595,P1246,2024-07-26,10.78,On Hold,2024.0,7.0
PAY21596,P1246,2024-12-31,10.24,On Hold,2024.0,12.0
PAY21597,P1246,2025-01-04,14.44,On Hold,2025.0,1.0
PAY21598,P1247,2024-06-09,2.57,On Hold,2024.0,6.0
PAY21599,P1247,2024-07-20,9.99,Pending,2024.0,7.0
PAY21600,P1247,2024-06-07,6.52,On Hold,2024.0,6.0
PAY21601,P1247,2024-06-05,4.37,Approved,2024.0,6.0
PAY21602,P1247,2024-08-27,3.41,Paid,2024.0,8.0
PAY21603,P1247,2024-01-30,6.24,Partially Paid,2024.0,1.0
PAY21604,P1247,2024-07-22,7.11,Paid,2024.0,7.0
PAY21605,P1247,2024-08-14,1.95,Pending,2024.0,8.0
PAY21606,P1248,2025-01-15,11.12,On Hold,2025.0,1.0
PAY21607,P1248,2024-09-17,8.51,Partially Paid,2024.0,9.0
PAY21608,P1248,2024-10-10,1.03,Pending,2024.0,10.0
PAY21609,P1249,2024-07-12,2.11,Paid,2024.0,7.0
PAY21610,P1249,2024-02-14,12.91,On Hold,2024.0,2.0
PAY21611,P1249,2024-08-24,1.34,On Hold,2024.0,8.0
PAY21612,P1249,2024-03-07,1.48,On Hold,2024.0,3.0
PAY21613,P1249,2024-02-29,1.63,Approved,2024.0,2.0
PAY21614,P1249,2023-11-16,8.35,Pending,2023.0,11.0
PAY21615,P1250,2024-01-16,7.48,Pending,2024.0,1.0
PAY21616,P1250,2023-03-28,12.09,Pending,2023.0,3.0
PAY21617,P1250,2024-10-20,9.63,,2024.0,10.0
PAY21618,P1106,2023-07-12,5.71,Pending,2023.0,7.0
PAY21619,P1103,2026-04-20,9.42,Pending,2026.0,4.0
PAY21620,P1040,2026-10-23,14.49,On Hold,2026.0,10.0
PAY21621,P1103,2026-02-20,1.63,On Hold,2026.0,2.0
PAY21622,P1034,2025-06-27,12.42,On Hold,2025.0,6.0
PAY21623,P1021,2024-09-28,10.91,On Hold,2024.0,9.0
PAY21624,P1012,2022-06-20,10.02,Paid,2022.0,6.0
PAY21625,P1063,2025-12-12,3.57,Pending,2025.0,12.0
PAY21626,P1121,2026-05-10,7.31,Paid,2026.0,5.0
PAY21627,P1228,2024-02-25,11.47,On Hold,2024.0,2.0
PAY21628,P1007,2023-11-16,12.38,Approved,2023.0,11.0
PAY21629,P1057,2026-07-29,3.86,,2026.0,7.0
PAY21630,P1167,2023-08-04,14.26,Pending,2023.0,8.0
PAY21631,P1204,2023-05-30,8.61,Approved,2023.0,5.0
PAY21632,P1210,2023-11-25,7.57,Pending,2023.0,11.0
PAY21633,P1146,2023-02-10,12.1,Partially Paid,2023.0,2.0
